id,class
10000,D
10001,D
10002,D
10003,D
10004,D
10005,D
10006,D
10007,D
10008,D
10009,D
10010,D
10011,D
10012,D
10013,D
10014,D
10015,D
10016,D
10017,D
10018,D
10019,D
10020,D
10021,D
10022,D
10023,D
10024,D
10025,D
10026,D
10027,D
10028,D
10029,D
10030,D
10031,D
10032,D
10033,D
10034,D
10035,D
10036,D
10037,D
10038,D
10039,D
10040,D
10041,D
10042,D
10043,D
10044,D
10045,D
10046,D
10047,D
10048,D
10049,D
10050,D
10051,D
10052,D
10053,D
10054,D
10055,D
10056,D
10057,D
10058,D
10059,D
10060,D
10061,D
10062,D
10063,D
10064,D
10065,D
10066,D
10067,D
10068,D
10069,D
10070,D
10071,D
10072,D
10073,D
10074,D
10075,D
10076,D
10077,D
10078,D
10079,D
10080,D
10081,D
10082,D
10083,D
10084,D
10085,D
10086,D
10087,D
10088,D
10089,D
10090,D
10091,D
10092,D
10093,D
10094,D
10095,D
10096,D
10097,D
10098,D
10099,D
10100,D
10101,D
10102,D
10103,D
10104,D
10105,D
10106,D
10107,D
10108,D
10109,D
10110,D
10111,D
10112,D
10113,D
10114,D
10115,D
10116,D
10117,D
10118,D
10119,D
10120,D
10121,D
10122,D
10123,D
10124,D
10125,D
10126,D
10127,D
10128,D
10129,D
10130,D
10131,D
10132,D
10133,D
10134,D
10135,D
10136,D
10137,D
10138,D
10139,D
10140,D
10141,D
10142,D
10143,D
10144,D
10145,D
10146,D
10147,D
10148,D
10149,D
10150,D
10151,D
10152,D
10153,D
10154,D
10155,D
10156,D
10157,D
10158,D
10159,D
10160,D
10161,D
10162,D
10163,D
10164,D
10165,D
10166,D
10167,D
10168,D
10169,D
10170,D
10171,D
10172,D
10173,D
10174,D
10175,D
10176,D
10177,D
10178,D
10179,D
10180,D
10181,D
10182,D
10183,D
10184,D
10185,D
10186,D
10187,D
10188,D
10189,D
10190,D
10191,D
10192,D
10193,D
10194,D
10195,D
10196,D
10197,D
10198,D
10199,D
10200,D
10201,D
10202,D
10203,D
10204,D
10205,D
10206,D
10207,D
10208,D
10209,D
10210,D
10211,D
10212,D
10213,D
10214,D
10215,D
10216,D
10217,D
10218,D
10219,D
10220,D
10221,D
10222,D
10223,D
10224,D
10225,D
10226,D
10227,D
10228,D
10229,D
10230,D
10231,D
10232,D
10233,D
10234,D
10235,D
10236,D
10237,D
10238,D
10239,D
10240,D
10241,D
10242,D
10243,D
10244,D
10245,D
10246,D
10247,D
10248,D
10249,D
10250,D
10251,D
10252,D
10253,D
10254,D
10255,D
10256,D
10257,D
10258,D
10259,D
10260,D
10261,D
10262,D
10263,D
10264,D
10265,D
10266,D
10267,D
10268,D
10269,D
10270,D
10271,D
10272,D
10273,D
10274,D
10275,D
10276,D
10277,D
10278,D
10279,D
10280,D
10281,D
10282,D
10283,D
10284,D
10285,D
10286,D
10287,D
10288,D
10289,D
10290,D
10291,D
10292,D
10293,D
10294,D
10295,D
10296,D
10297,D
10298,D
10299,D
10300,D
10301,D
10302,D
10303,D
10304,D
10305,D
10306,D
10307,D
10308,D
10309,D
10310,D
10311,D
10312,D
10313,D
10314,D
10315,D
10316,D
10317,D
10318,D
10319,D
10320,D
10321,D
10322,D
10323,D
10324,D
10325,D
10326,D
10327,D
10328,D
10329,D
10330,D
10331,D
10332,D
10333,D
10334,D
10335,D
10336,D
10337,D
10338,D
10339,D
10340,D
10341,D
10342,D
10343,D
10344,D
10345,D
10346,D
10347,D
10348,D
10349,D
10350,D
10351,D
10352,D
10353,D
10354,D
10355,D
10356,D
10357,D
10358,D
10359,D
10360,D
10361,D
10362,D
10363,D
10364,D
10365,D
10366,D
10367,D
10368,D
10369,D
10370,D
10371,D
10372,D
10373,D
10374,D
10375,D
10376,D
10377,D
10378,D
10379,D
10380,D
10381,D
10382,D
10383,D
10384,D
10385,D
10386,D
10387,D
10388,D
10389,D
10390,D
10391,D
10392,D
10393,D
10394,D
10395,D
10396,D
10397,D
10398,D
10399,D
10400,D
10401,D
10402,D
10403,D
10404,D
10405,D
10406,D
10407,D
10408,D
10409,D
10410,D
10411,D
10412,D
10413,D
10414,D
10415,D
10416,D
10417,D
10418,D
10419,D
10420,D
10421,D
10422,D
10423,D
10424,D
10425,D
10426,D
10427,D
10428,D
10429,D
10430,D
10431,D
10432,D
10433,D
10434,D
10435,D
10436,D
10437,D
10438,D
10439,D
10440,D
10441,D
10442,D
10443,D
10444,D
10445,D
10446,D
10447,D
10448,D
10449,D
10450,D
10451,D
10452,D
10453,D
10454,D
10455,D
10456,D
10457,D
10458,D
10459,D
10460,D
10461,D
10462,D
10463,D
10464,D
10465,D
10466,D
10467,D
10468,D
10469,D
10470,D
10471,D
10472,D
10473,D
10474,D
10475,D
10476,D
10477,D
10478,D
10479,D
10480,D
10481,D
10482,D
10483,D
10484,D
10485,D
10486,D
10487,D
10488,D
10489,D
10490,D
10491,D
10492,D
10493,D
10494,D
10495,D
10496,D
10497,D
10498,D
10499,D
10500,D
10501,D
10502,D
10503,D
10504,D
10505,D
10506,D
10507,D
10508,D
10509,D
10510,D
10511,D
10512,D
10513,D
10514,D
10515,D
10516,D
10517,D
10518,D
10519,D
10520,D
10521,D
10522,D
10523,D
10524,D
10525,D
10526,D
10527,D
10528,D
10529,D
10530,D
10531,D
10532,D
10533,D
10534,D
10535,D
10536,D
10537,D
10538,D
10539,D
10540,D
10541,D
10542,D
10543,D
10544,D
10545,D
10546,D
10547,D
10548,D
10549,D
10550,D
10551,D
10552,D
10553,D
10554,D
10555,D
10556,D
10557,D
10558,D
10559,D
10560,D
10561,D
10562,D
10563,D
10564,D
10565,D
10566,D
10567,D
10568,D
10569,D
10570,D
10571,D
10572,D
10573,D
10574,D
10575,D
10576,D
10577,D
10578,D
10579,D
10580,D
10581,D
10582,D
10583,D
10584,D
10585,D
10586,D
10587,D
10588,D
10589,D
10590,D
10591,D
10592,D
10593,D
10594,D
10595,D
10596,D
10597,D
10598,D
10599,D
10600,D
10601,D
10602,D
10603,D
10604,D
10605,D
10606,D
10607,D
10608,D
10609,D
10610,D
10611,D
10612,D
10613,D
10614,D
10615,D
10616,D
10617,D
10618,D
10619,D
10620,D
10621,D
10622,D
10623,D
10624,D
10625,D
10626,D
10627,D
10628,D
10629,D
10630,D
10631,D
10632,D
10633,D
10634,D
10635,D
10636,D
10637,D
10638,D
10639,D
10640,D
10641,D
10642,D
10643,D
10644,D
10645,D
10646,D
10647,D
10648,D
10649,D
10650,D
10651,D
10652,D
10653,D
10654,D
10655,D
10656,D
10657,D
10658,D
10659,D
10660,D
10661,D
10662,D
10663,D
10664,D
10665,D
10666,D
10667,D
10668,D
10669,D
10670,D
10671,D
10672,D
10673,D
10674,D
10675,D
10676,D
10677,D
10678,D
10679,D
10680,D
10681,D
10682,D
10683,D
10684,D
10685,D
10686,D
10687,D
10688,D
10689,D
10690,D
10691,D
10692,D
10693,D
10694,D
10695,D
10696,D
10697,D
10698,D
10699,D
10700,D
10701,D
10702,D
10703,D
10704,D
10705,D
10706,D
10707,D
10708,D
10709,D
10710,D
10711,D
10712,D
10713,D
10714,D
10715,D
10716,D
10717,D
10718,D
10719,D
10720,D
10721,D
10722,D
10723,D
10724,D
10725,D
10726,D
10727,D
10728,D
10729,D
10730,D
10731,D
10732,D
10733,D
10734,D
10735,D
10736,D
10737,D
10738,D
10739,D
10740,D
10741,D
10742,D
10743,D
10744,D
10745,D
10746,D
10747,D
10748,D
10749,D
10750,D
10751,D
10752,D
10753,D
10754,D
10755,D
10756,D
10757,D
10758,D
10759,D
10760,D
10761,D
10762,D
10763,D
10764,D
10765,D
10766,D
10767,D
10768,D
10769,D
10770,D
10771,D
10772,D
10773,D
10774,D
10775,D
10776,D
10777,D
10778,D
10779,D
10780,D
10781,D
10782,D
10783,D
10784,D
10785,D
10786,D
10787,D
10788,D
10789,D
10790,D
10791,D
10792,D
10793,D
10794,D
10795,D
10796,D
10797,D
10798,D
10799,D
10800,D
10801,D
10802,D
10803,D
10804,D
10805,D
10806,D
10807,D
10808,D
10809,D
10810,D
10811,D
10812,D
10813,D
10814,D
10815,D
10816,D
10817,D
10818,D
10819,D
10820,D
10821,D
10822,D
10823,D
10824,D
10825,D
10826,D
10827,D
10828,D
10829,D
10830,D
10831,D
10832,D
10833,D
10834,D
10835,D
10836,D
10837,D
10838,D
10839,D
10840,D
10841,D
10842,D
10843,D
10844,D
10845,D
10846,D
10847,D
10848,D
10849,D
10850,D
10851,D
10852,D
10853,D
10854,D
10855,D
10856,D
10857,D
10858,D
10859,D
10860,D
10861,D
10862,D
10863,D
10864,D
10865,D
10866,D
10867,D
10868,D
10869,D
10870,D
10871,D
10872,D
10873,D
10874,D
10875,D
10876,D
10877,D
10878,D
10879,D
10880,D
10881,D
10882,D
10883,D
10884,D
10885,D
10886,D
10887,D
10888,D
10889,D
10890,D
10891,D
10892,D
10893,D
10894,D
10895,D
10896,D
10897,D
10898,D
10899,D
10900,D
10901,D
10902,D
10903,D
10904,D
10905,D
10906,D
10907,D
10908,D
10909,D
10910,D
10911,D
10912,D
10913,D
10914,D
10915,D
10916,D
10917,D
10918,D
10919,D
10920,D
10921,D
10922,D
10923,D
10924,D
10925,D
10926,D
10927,D
10928,D
10929,D
10930,D
10931,D
10932,D
10933,D
10934,D
10935,D
10936,D
10937,D
10938,D
10939,D
10940,D
10941,D
10942,D
10943,D
10944,D
10945,D
10946,D
10947,D
10948,D
10949,D
10950,D
10951,D
10952,D
10953,D
10954,D
10955,D
10956,D
10957,D
10958,D
10959,D
10960,D
10961,D
10962,D
10963,D
10964,D
10965,D
10966,D
10967,D
10968,D
10969,D
10970,D
10971,D
10972,D
10973,D
10974,D
10975,D
10976,D
10977,D
10978,D
10979,D
10980,D
10981,D
10982,D
10983,D
10984,D
10985,D
10986,D
10987,D
10988,D
10989,D
10990,D
10991,D
10992,D
10993,D
10994,D
10995,D
10996,D
10997,D
10998,D
10999,D
11000,D
11001,D
11002,D
11003,D
11004,D
11005,D
11006,D
11007,D
11008,D
11009,D
11010,D
11011,D
11012,D
11013,D
11014,D
11015,D
11016,D
11017,D
11018,D
11019,D
11020,D
11021,D
11022,D
11023,D
11024,D
11025,D
11026,D
11027,D
11028,D
11029,D
11030,D
11031,D
11032,D
11033,D
11034,D
11035,D
11036,D
11037,D
11038,D
11039,D
11040,D
11041,D
11042,D
11043,D
11044,D
11045,D
11046,D
11047,D
11048,D
11049,D
11050,D
11051,D
11052,D
11053,D
11054,D
11055,D
11056,D
11057,D
11058,D
11059,D
11060,D
11061,D
11062,D
11063,D
11064,D
11065,D
11066,D
11067,D
11068,D
11069,D
11070,D
11071,D
11072,D
11073,D
11074,D
11075,D
11076,D
11077,D
11078,D
11079,D
11080,D
11081,D
11082,D
11083,D
11084,D
11085,D
11086,D
11087,D
11088,D
11089,D
11090,D
11091,D
11092,D
11093,D
11094,D
11095,D
11096,D
11097,D
11098,D
11099,D
11100,D
11101,D
11102,D
11103,D
11104,D
11105,D
11106,D
11107,D
11108,D
11109,D
11110,D
11111,D
11112,D
11113,D
11114,D
11115,D
11116,D
11117,D
11118,D
11119,D
11120,D
11121,D
11122,D
11123,D
11124,D
11125,D
11126,D
11127,D
11128,D
11129,D
11130,D
11131,D
11132,D
11133,D
11134,D
11135,D
11136,D
11137,D
11138,D
11139,D
11140,D
11141,D
11142,D
11143,D
11144,D
11145,D
11146,D
11147,D
11148,D
11149,D
11150,D
11151,D
11152,D
11153,D
11154,D
11155,D
11156,D
11157,D
11158,D
11159,D
11160,D
11161,D
11162,D
11163,D
11164,D
11165,D
11166,D
11167,D
11168,D
11169,D
11170,D
11171,D
11172,D
11173,D
11174,D
11175,D
11176,D
11177,D
11178,D
11179,D
11180,D
11181,D
11182,D
11183,D
11184,D
11185,D
11186,D
11187,D
11188,D
11189,D
11190,D
11191,D
11192,D
11193,D
11194,D
11195,D
11196,D
11197,D
11198,D
11199,D
11200,D
11201,D
11202,D
11203,D
11204,D
11205,D
11206,D
11207,D
11208,D
11209,D
11210,D
11211,D
11212,D
11213,D
11214,D
11215,D
11216,D
11217,D
11218,D
11219,D
11220,D
11221,D
11222,D
11223,D
11224,D
11225,D
11226,D
11227,D
11228,D
11229,D
11230,D
11231,D
11232,D
11233,D
11234,D
11235,D
11236,D
11237,D
11238,D
11239,D
11240,D
11241,D
11242,D
11243,D
11244,D
11245,D
11246,D
11247,D
11248,D
11249,D
11250,D
11251,D
11252,D
11253,D
11254,D
11255,D
11256,D
11257,D
11258,D
11259,D
11260,D
11261,D
11262,D
11263,D
11264,D
11265,D
11266,D
11267,D
11268,D
11269,D
11270,D
11271,D
11272,D
11273,D
11274,D
11275,D
11276,D
11277,D
11278,D
11279,D
11280,D
11281,D
11282,D
11283,D
11284,D
11285,D
11286,D
11287,D
11288,D
11289,D
11290,D
11291,D
11292,D
11293,D
11294,D
11295,D
11296,D
11297,D
11298,D
11299,D
11300,D
11301,D
11302,D
11303,D
11304,D
11305,D
11306,D
11307,D
11308,D
11309,D
11310,D
11311,D
11312,D
11313,D
11314,D
11315,D
11316,D
11317,D
11318,D
11319,D
11320,D
11321,D
11322,D
11323,D
11324,D
11325,D
11326,D
11327,D
11328,D
11329,D
11330,D
11331,D
11332,D
11333,D
11334,D
11335,D
11336,D
11337,D
11338,D
11339,D
11340,D
11341,D
11342,D
11343,D
11344,D
11345,D
11346,D
11347,D
11348,D
11349,D
11350,D
11351,D
11352,D
11353,D
11354,D
11355,D
11356,D
11357,D
11358,D
11359,D
11360,D
11361,D
11362,D
11363,D
11364,D
11365,D
11366,D
11367,D
11368,D
11369,D
11370,D
11371,D
11372,D
11373,D
11374,D
11375,D
11376,D
11377,D
11378,D
11379,D
11380,D
11381,D
11382,D
11383,D
11384,D
11385,D
11386,D
11387,D
11388,D
11389,D
11390,D
11391,D
11392,D
11393,D
11394,D
11395,D
11396,D
11397,D
11398,D
11399,D
11400,D
11401,D
11402,D
11403,D
11404,D
11405,D
11406,D
11407,D
11408,D
11409,D
11410,D
11411,D
11412,D
11413,D
11414,D
11415,D
11416,D
11417,D
11418,D
11419,D
11420,D
11421,D
11422,D
11423,D
11424,D
11425,D
11426,D
11427,D
11428,D
11429,D
11430,D
11431,D
11432,D
11433,D
11434,D
11435,D
11436,D
11437,D
11438,D
11439,D
11440,D
11441,D
11442,D
11443,D
11444,D
11445,D
11446,D
11447,D
11448,D
11449,D
11450,D
11451,D
11452,D
11453,D
11454,D
11455,D
11456,D
11457,D
11458,D
11459,D
11460,D
11461,D
11462,D
11463,D
11464,D
11465,D
11466,D
11467,D
11468,D
11469,D
11470,D
11471,D
11472,D
11473,D
11474,D
11475,D
11476,D
11477,D
11478,D
11479,D
11480,D
11481,D
11482,D
11483,D
11484,D
11485,D
11486,D
11487,D
11488,D
11489,D
11490,D
11491,D
11492,D
11493,D
11494,D
11495,D
11496,D
11497,D
11498,D
11499,D
11500,D
11501,D
11502,D
11503,D
11504,D
11505,D
11506,D
11507,D
11508,D
11509,D
11510,D
11511,D
11512,D
11513,D
11514,D
11515,D
11516,D
11517,D
11518,D
11519,D
11520,D
11521,D
11522,D
11523,D
11524,D
11525,D
11526,D
11527,D
11528,D
11529,D
11530,D
11531,D
11532,D
11533,D
11534,D
11535,D
11536,D
11537,D
11538,D
11539,D
11540,D
11541,D
11542,D
11543,D
11544,D
11545,D
11546,D
11547,D
11548,D
11549,D
11550,D
11551,D
11552,D
11553,D
11554,D
11555,D
11556,D
11557,D
11558,D
11559,D
11560,D
11561,D
11562,D
11563,D
11564,D
11565,D
11566,D
11567,D
11568,D
11569,D
11570,D
11571,D
11572,D
11573,D
11574,D
11575,D
11576,D
11577,D
11578,D
11579,D
11580,D
11581,D
11582,D
11583,D
11584,D
11585,D
11586,D
11587,D
11588,D
11589,D
11590,D
11591,D
11592,D
11593,D
11594,D
11595,D
11596,D
11597,D
11598,D
11599,D
11600,D
11601,D
11602,D
11603,D
11604,D
11605,D
11606,D
11607,D
11608,D
11609,D
11610,D
11611,D
11612,D
11613,D
11614,D
11615,D
11616,D
11617,D
11618,D
11619,D
11620,D
11621,D
11622,D
11623,D
11624,D
11625,D
11626,D
11627,D
11628,D
11629,D
11630,D
11631,D
11632,D
11633,D
11634,D
11635,D
11636,D
11637,D
11638,D
11639,D
11640,D
11641,D
11642,D
11643,D
11644,D
11645,D
11646,D
11647,D
11648,D
11649,D
11650,D
11651,D
11652,D
11653,D
11654,D
11655,D
11656,D
11657,D
11658,D
11659,D
11660,D
11661,D
11662,D
11663,D
11664,D
11665,D
11666,D
11667,D
11668,D
11669,D
11670,D
11671,D
11672,D
11673,D
11674,D
11675,D
11676,D
11677,D
11678,D
11679,D
11680,D
11681,D
11682,D
11683,D
11684,D
11685,D
11686,D
11687,D
11688,D
11689,D
11690,D
11691,D
11692,D
11693,D
11694,D
11695,D
11696,D
11697,D
11698,D
11699,D
11700,D
11701,D
11702,D
11703,D
11704,D
11705,D
11706,D
11707,D
11708,D
11709,D
11710,D
11711,D
11712,D
11713,D
11714,D
11715,D
11716,D
11717,D
11718,D
11719,D
11720,D
11721,D
11722,D
11723,D
11724,D
11725,D
11726,D
11727,D
11728,D
11729,D
11730,D
11731,D
11732,D
11733,D
11734,D
11735,D
11736,D
11737,D
11738,D
11739,D
11740,D
11741,D
11742,D
11743,D
11744,D
11745,D
11746,D
11747,D
11748,D
11749,D
11750,D
11751,D
11752,D
11753,D
11754,D
11755,D
11756,D
11757,D
11758,D
11759,D
11760,D
11761,D
11762,D
11763,D
11764,D
11765,D
11766,D
11767,D
11768,D
11769,D
11770,D
11771,D
11772,D
11773,D
11774,D
11775,D
11776,D
11777,D
11778,D
11779,D
11780,D
11781,D
11782,D
11783,D
11784,D
11785,D
11786,D
11787,D
11788,D
11789,D
11790,D
11791,D
11792,D
11793,D
11794,D
11795,D
11796,D
11797,D
11798,D
11799,D
11800,D
11801,D
11802,D
11803,D
11804,D
11805,D
11806,D
11807,D
11808,D
11809,D
11810,D
11811,D
11812,D
11813,D
11814,D
11815,D
11816,D
11817,D
11818,D
11819,D
11820,D
11821,D
11822,D
11823,D
11824,D
11825,D
11826,D
11827,D
11828,D
11829,D
11830,D
11831,D
11832,D
11833,D
11834,D
11835,D
11836,D
11837,D
11838,D
11839,D
11840,D
11841,D
11842,D
11843,D
11844,D
11845,D
11846,D
11847,D
11848,D
11849,D
11850,D
11851,D
11852,D
11853,D
11854,D
11855,D
11856,D
11857,D
11858,D
11859,D
11860,D
11861,D
11862,D
11863,D
11864,D
11865,D
11866,D
11867,D
11868,D
11869,D
11870,D
11871,D
11872,D
11873,D
11874,D
11875,D
11876,D
11877,D
11878,D
11879,D
11880,D
11881,D
11882,D
11883,D
11884,D
11885,D
11886,D
11887,D
11888,D
11889,D
11890,D
11891,D
11892,D
11893,D
11894,D
11895,D
11896,D
11897,D
11898,D
11899,D
11900,D
11901,D
11902,D
11903,D
11904,D
11905,D
11906,D
11907,D
11908,D
11909,D
11910,D
11911,D
11912,D
11913,D
11914,D
11915,D
11916,D
11917,D
11918,D
11919,D
11920,D
11921,D
11922,D
11923,D
11924,D
11925,D
11926,D
11927,D
11928,D
11929,D
11930,D
11931,D
11932,D
11933,D
11934,D
11935,D
11936,D
11937,D
11938,D
11939,D
11940,D
11941,D
11942,D
11943,D
11944,D
11945,D
11946,D
11947,D
11948,D
11949,D
11950,D
11951,D
11952,D
11953,D
11954,D
11955,D
11956,D
11957,D
11958,D
11959,D
11960,D
11961,D
11962,D
11963,D
11964,D
11965,D
11966,D
11967,D
11968,D
11969,D
11970,D
11971,D
11972,D
11973,D
11974,D
11975,D
11976,D
11977,D
11978,D
11979,D
11980,D
11981,D
11982,D
11983,D
11984,D
11985,D
11986,D
11987,D
11988,D
11989,D
11990,D
11991,D
11992,D
11993,D
11994,D
11995,D
11996,D
11997,D
11998,D
11999,D
12000,D
12001,D
12002,D
12003,D
12004,D
12005,D
12006,D
12007,D
12008,D
12009,D
12010,D
12011,D
12012,D
12013,D
12014,D
12015,D
12016,D
12017,D
12018,D
12019,D
12020,D
12021,D
12022,D
12023,D
12024,D
12025,D
12026,D
12027,D
12028,D
12029,D
12030,D
12031,D
12032,D
12033,D
12034,D
12035,D
12036,D
12037,D
12038,D
12039,D
12040,D
12041,D
12042,D
12043,D
12044,D
12045,D
12046,D
12047,D
12048,D
12049,D
12050,D
12051,D
12052,D
12053,D
12054,D
12055,D
12056,D
12057,D
12058,D
12059,D
12060,D
12061,D
12062,D
12063,D
12064,D
12065,D
12066,D
12067,D
12068,D
12069,D
12070,D
12071,D
12072,D
12073,D
12074,D
12075,D
12076,D
12077,D
12078,D
12079,D
12080,D
12081,D
12082,D
12083,D
12084,D
12085,D
12086,D
12087,D
12088,D
12089,D
12090,D
12091,D
12092,D
12093,D
12094,D
12095,D
12096,D
12097,D
12098,D
12099,D
12100,D
12101,D
12102,D
12103,D
12104,D
12105,D
12106,D
12107,D
12108,D
12109,D
12110,D
12111,D
12112,D
12113,D
12114,D
12115,D
12116,D
12117,D
12118,D
12119,D
12120,D
12121,D
12122,D
12123,D
12124,D
12125,D
12126,D
12127,D
12128,D
12129,D
12130,D
12131,D
12132,D
12133,D
12134,D
12135,D
12136,D
12137,D
12138,D
12139,D
12140,D
12141,D
12142,D
12143,D
12144,D
12145,D
12146,D
12147,D
12148,D
12149,D
12150,D
12151,D
12152,D
12153,D
12154,D
12155,D
12156,D
12157,D
12158,D
12159,D
12160,D
12161,D
12162,D
12163,D
12164,D
12165,D
12166,D
12167,D
12168,D
12169,D
12170,D
12171,D
12172,D
12173,D
12174,D
12175,D
12176,D
12177,D
12178,D
12179,D
12180,D
12181,D
12182,D
12183,D
12184,D
12185,D
12186,D
12187,D
12188,D
12189,D
12190,D
12191,D
12192,D
12193,D
12194,D
12195,D
12196,D
12197,D
12198,D
12199,D
12200,D
12201,D
12202,D
12203,D
12204,D
12205,D
12206,D
12207,D
12208,D
12209,D
12210,D
12211,D
12212,D
12213,D
12214,D
12215,D
12216,D
12217,D
12218,D
12219,D
12220,D
12221,D
12222,D
12223,D
12224,D
12225,D
12226,D
12227,D
12228,D
12229,D
12230,D
12231,D
12232,D
12233,D
12234,D
12235,D
12236,D
12237,D
12238,D
12239,D
12240,D
12241,D
12242,D
12243,D
12244,D
12245,D
12246,D
12247,D
12248,D
12249,D
12250,D
12251,D
12252,D
12253,D
12254,D
12255,D
12256,D
12257,D
12258,D
12259,D
12260,D
12261,D
12262,D
12263,D
12264,D
12265,D
12266,D
12267,D
12268,D
12269,D
12270,D
12271,D
12272,D
12273,D
12274,D
12275,D
12276,D
12277,D
12278,D
12279,D
12280,D
12281,D
12282,D
12283,D
12284,D
12285,D
12286,D
12287,D
12288,D
12289,D
12290,D
12291,D
12292,D
12293,D
12294,D
12295,D
12296,D
12297,D
12298,D
12299,D
12300,D
12301,D
12302,D
12303,D
12304,D
12305,D
12306,D
12307,D
12308,D
12309,D
12310,D
12311,D
12312,D
12313,D
12314,D
12315,D
12316,D
12317,D
12318,D
12319,D
12320,D
12321,D
12322,D
12323,D
12324,D
12325,D
12326,D
12327,D
12328,D
12329,D
12330,D
12331,D
12332,D
12333,D
12334,D
12335,D
12336,D
12337,D
12338,D
12339,D
12340,D
12341,D
12342,D
12343,D
12344,D
12345,D
12346,D
12347,D
12348,D
12349,D
12350,D
12351,D
12352,D
12353,D
12354,D
12355,D
12356,D
12357,D
12358,D
12359,D
12360,D
12361,D
12362,D
12363,D
12364,D
12365,D
12366,D
12367,D
12368,D
12369,D
12370,D
12371,D
12372,D
12373,D
12374,D
12375,D
12376,D
12377,D
12378,D
12379,D
12380,D
12381,D
12382,D
12383,D
12384,D
12385,D
12386,D
12387,D
12388,D
12389,D
12390,D
12391,D
12392,D
12393,D
12394,D
12395,D
12396,D
12397,D
12398,D
12399,D
12400,D
12401,D
12402,D
12403,D
12404,D
12405,D
12406,D
12407,D
12408,D
12409,D
12410,D
12411,D
12412,D
12413,D
12414,D
12415,D
12416,D
12417,D
12418,D
12419,D
12420,D
12421,D
12422,D
12423,D
12424,D
12425,D
12426,D
12427,D
12428,D
12429,D
12430,D
12431,D
12432,D
12433,D
12434,D
12435,D
12436,D
12437,D
12438,D
12439,D
12440,D
12441,D
12442,D
12443,D
12444,D
12445,D
12446,D
12447,D
12448,D
12449,D
12450,D
12451,D
12452,D
12453,D
12454,D
12455,D
12456,D
12457,D
12458,D
12459,D
12460,D
12461,D
12462,D
12463,D
12464,D
12465,D
12466,D
12467,D
12468,D
12469,D
12470,D
12471,D
12472,D
12473,D
12474,D
12475,D
12476,D
12477,D
12478,D
12479,D
12480,D
12481,D
12482,D
12483,D
12484,D
12485,D
12486,D
12487,D
12488,D
12489,D
12490,D
12491,D
12492,D
12493,D
12494,D
12495,D
12496,D
12497,D
12498,D
12499,D
12500,D
12501,D
12502,D
12503,D
12504,D
12505,D
12506,D
12507,D
12508,D
12509,D
12510,D
12511,D
12512,D
12513,D
12514,D
12515,D
12516,D
12517,D
12518,D
12519,D
12520,D
12521,D
12522,D
12523,D
12524,D
12525,D
12526,D
12527,D
12528,D
12529,D
12530,D
12531,D
12532,D
12533,D
12534,D
12535,D
12536,D
12537,D
12538,D
12539,D
12540,D
12541,D
12542,D
12543,D
12544,D
12545,D
12546,D
12547,D
12548,D
12549,D
12550,D
12551,D
12552,D
12553,D
12554,D
12555,D
12556,D
12557,D
12558,D
12559,D
12560,D
12561,D
12562,D
12563,D
12564,D
12565,D
12566,D
12567,D
12568,D
12569,D
12570,D
12571,D
12572,D
12573,D
12574,D
12575,D
12576,D
12577,D
12578,D
12579,D
12580,D
12581,D
12582,D
12583,D
12584,D
12585,D
12586,D
12587,D
12588,D
12589,D
12590,D
12591,D
12592,D
12593,D
12594,D
12595,D
12596,D
12597,D
12598,D
12599,D
12600,D
12601,D
12602,D
12603,D
12604,D
12605,D
12606,D
12607,D
12608,D
12609,D
12610,D
12611,D
12612,D
12613,D
12614,D
12615,D
12616,D
12617,D
12618,D
12619,D
12620,D
12621,D
12622,D
12623,D
12624,D
12625,D
12626,D
12627,D
12628,D
12629,D
12630,D
12631,D
12632,D
12633,D
12634,D
12635,D
12636,D
12637,D
12638,D
12639,D
12640,D
12641,D
12642,D
12643,D
12644,D
12645,D
12646,D
12647,D
12648,D
12649,D
12650,D
12651,D
12652,D
12653,D
12654,D
12655,D
12656,D
12657,D
12658,D
12659,D
12660,D
12661,D
12662,D
12663,D
12664,D
12665,D
12666,D
12667,D
12668,D
12669,D
12670,D
12671,D
12672,D
12673,D
12674,D
12675,D
12676,D
12677,D
12678,D
12679,D
12680,D
12681,D
12682,D
12683,D
12684,D
12685,D
12686,D
12687,D
12688,D
12689,D
12690,D
12691,D
12692,D
12693,D
12694,D
12695,D
12696,D
12697,D
12698,D
12699,D
12700,D
12701,D
12702,D
12703,D
12704,D
12705,D
12706,D
12707,D
12708,D
12709,D
12710,D
12711,D
12712,D
12713,D
12714,D
12715,D
12716,D
12717,D
12718,D
12719,D
12720,D
12721,D
12722,D
12723,D
12724,D
12725,D
12726,D
12727,D
12728,D
12729,D
12730,D
12731,D
12732,D
12733,D
12734,D
12735,D
12736,D
12737,D
12738,D
12739,D
12740,D
12741,D
12742,D
12743,D
12744,D
12745,D
12746,D
12747,D
12748,D
12749,D
12750,D
12751,D
12752,D
12753,D
12754,D
12755,D
12756,D
12757,D
12758,D
12759,D
12760,D
12761,D
12762,D
12763,D
12764,D
12765,D
12766,D
12767,D
12768,D
12769,D
12770,D
12771,D
12772,D
12773,D
12774,D
12775,D
12776,D
12777,D
12778,D
12779,D
12780,D
12781,D
12782,D
12783,D
12784,D
12785,D
12786,D
12787,D
12788,D
12789,D
12790,D
12791,D
12792,D
12793,D
12794,D
12795,D
12796,D
12797,D
12798,D
12799,D
12800,D
12801,D
12802,D
12803,D
12804,D
12805,D
12806,D
12807,D
12808,D
12809,D
12810,D
12811,D
12812,D
12813,D
12814,D
12815,D
12816,D
12817,D
12818,D
12819,D
12820,D
12821,D
12822,D
12823,D
12824,D
12825,D
12826,D
12827,D
12828,D
12829,D
12830,D
12831,D
12832,D
12833,D
12834,D
12835,D
12836,D
12837,D
12838,D
12839,D
12840,D
12841,D
12842,D
12843,D
12844,D
12845,D
12846,D
12847,D
12848,D
12849,D
12850,D
12851,D
12852,D
12853,D
12854,D
12855,D
12856,D
12857,D
12858,D
12859,D
12860,D
12861,D
12862,D
12863,D
12864,D
12865,D
12866,D
12867,D
12868,D
12869,D
12870,D
12871,D
12872,D
12873,D
12874,D
12875,D
12876,D
12877,D
12878,D
12879,D
12880,D
12881,D
12882,D
12883,D
12884,D
12885,D
12886,D
12887,D
12888,D
12889,D
12890,D
12891,D
12892,D
12893,D
12894,D
12895,D
12896,D
12897,D
12898,D
12899,D
12900,D
12901,D
12902,D
12903,D
12904,D
12905,D
12906,D
12907,D
12908,D
12909,D
12910,D
12911,D
12912,D
12913,D
12914,D
12915,D
12916,D
12917,D
12918,D
12919,D
12920,D
12921,D
12922,D
12923,D
12924,D
12925,D
12926,D
12927,D
12928,D
12929,D
12930,D
12931,D
12932,D
12933,D
12934,D
12935,D
12936,D
12937,D
12938,D
12939,D
12940,D
12941,D
12942,D
12943,D
12944,D
12945,D
12946,D
12947,D
12948,D
12949,D
12950,D
12951,D
12952,D
12953,D
12954,D
12955,D
12956,D
12957,D
12958,D
12959,D
12960,D
12961,D
12962,D
12963,D
12964,D
12965,D
12966,D
12967,D
12968,D
12969,D
12970,D
12971,D
12972,D
12973,D
12974,D
12975,D
12976,D
12977,D
12978,D
12979,D
12980,D
12981,D
12982,D
12983,D
12984,D
12985,D
12986,D
12987,D
12988,D
12989,D
12990,D
12991,D
12992,D
12993,D
12994,D
12995,D
12996,D
12997,D
12998,D
12999,D
13000,D
13001,D
13002,D
13003,D
13004,D
13005,D
13006,D
13007,D
13008,D
13009,D
13010,D
13011,D
13012,D
13013,D
13014,D
13015,D
13016,D
13017,D
13018,D
13019,D
13020,D
13021,D
13022,D
13023,D
13024,D
13025,D
13026,D
13027,D
13028,D
13029,D
13030,D
13031,D
13032,D
13033,D
13034,D
13035,D
13036,D
13037,D
13038,D
13039,D
13040,D
13041,D
13042,D
13043,D
13044,D
13045,D
13046,D
13047,D
13048,D
13049,D
13050,D
13051,D
13052,D
13053,D
13054,D
13055,D
13056,D
13057,D
13058,D
13059,D
13060,D
13061,D
13062,D
13063,D
13064,D
13065,D
13066,D
13067,D
13068,D
13069,D
13070,D
13071,D
13072,D
13073,D
13074,D
13075,D
13076,D
13077,D
13078,D
13079,D
13080,D
13081,D
13082,D
13083,D
13084,D
13085,D
13086,D
13087,D
13088,D
13089,D
13090,D
13091,D
13092,D
13093,D
13094,D
13095,D
13096,D
13097,D
13098,D
13099,D
13100,D
13101,D
13102,D
13103,D
13104,D
13105,D
13106,D
13107,D
13108,D
13109,D
13110,D
13111,D
13112,D
13113,D
13114,D
13115,D
13116,D
13117,D
13118,D
13119,D
13120,D
13121,D
13122,D
13123,D
13124,D
13125,D
13126,D
13127,D
13128,D
13129,D
13130,D
13131,D
13132,D
13133,D
13134,D
13135,D
13136,D
13137,D
13138,D
13139,D
13140,D
13141,D
13142,D
13143,D
13144,D
13145,D
13146,D
13147,D
13148,D
13149,D
13150,D
13151,D
13152,D
13153,D
13154,D
13155,D
13156,D
13157,D
13158,D
13159,D
13160,D
13161,D
13162,D
13163,D
13164,D
13165,D
13166,D
13167,D
13168,D
13169,D
13170,D
13171,D
13172,D
13173,D
13174,D
13175,D
13176,D
13177,D
13178,D
13179,D
13180,D
13181,D
13182,D
13183,D
13184,D
13185,D
13186,D
13187,D
13188,D
13189,D
13190,D
13191,D
13192,D
13193,D
13194,D
13195,D
13196,D
13197,D
13198,D
13199,D
13200,D
13201,D
13202,D
13203,D
13204,D
13205,D
13206,D
13207,D
13208,D
13209,D
13210,D
13211,D
13212,D
13213,D
13214,D
13215,D
13216,D
13217,D
13218,D
13219,D
13220,D
13221,D
13222,D
13223,D
13224,D
13225,D
13226,D
13227,D
13228,D
13229,D
13230,D
13231,D
13232,D
13233,D
13234,D
13235,D
13236,D
13237,D
13238,D
13239,D
13240,D
13241,D
13242,D
13243,D
13244,D
13245,D
13246,D
13247,D
13248,D
13249,D
13250,D
13251,D
13252,D
13253,D
13254,D
13255,D
13256,D
13257,D
13258,D
13259,D
13260,D
13261,D
13262,D
13263,D
13264,D
13265,D
13266,D
13267,D
13268,D
13269,D
13270,D
13271,D
13272,D
13273,D
13274,D
13275,D
13276,D
13277,D
13278,D
13279,D
13280,D
13281,D
13282,D
13283,D
13284,D
13285,D
13286,D
13287,D
13288,D
13289,D
13290,D
13291,D
13292,D
13293,D
13294,D
13295,D
13296,D
13297,D
13298,D
13299,D
13300,D
13301,D
13302,D
13303,D
13304,D
13305,D
13306,D
13307,D
13308,D
13309,D
13310,D
13311,D
13312,D
13313,D
13314,D
13315,D
13316,D
13317,D
13318,D
13319,D
13320,D
13321,D
13322,D
13323,D
13324,D
13325,D
13326,D
13327,D
13328,D
13329,D
13330,D
13331,D
13332,D
13333,D
13334,D
13335,D
13336,D
13337,D
13338,D
13339,D
13340,D
13341,D
13342,D
13343,D
13344,D
13345,D
13346,D
13347,D
13348,D
13349,D
13350,D
13351,D
13352,D
13353,D
13354,D
13355,D
13356,D
13357,D
13358,D
13359,D
13360,D
13361,D
13362,D
13363,D
13364,D
13365,D
13366,D
13367,D
13368,D
13369,D
13370,D
13371,D
13372,D
13373,D
13374,D
13375,D
13376,D
13377,D
13378,D
13379,D
13380,D
13381,D
13382,D
13383,D
13384,D
13385,D
13386,D
13387,D
13388,D
13389,D
13390,D
13391,D
13392,D
13393,D
13394,D
13395,D
13396,D
13397,D
13398,D
13399,D
13400,D
13401,D
13402,D
13403,D
13404,D
13405,D
13406,D
13407,D
13408,D
13409,D
13410,D
13411,D
13412,D
13413,D
13414,D
13415,D
13416,D
13417,D
13418,D
13419,D
13420,D
13421,D
13422,D
13423,D
13424,D
13425,D
13426,D
13427,D
13428,D
13429,D
13430,D
13431,D
13432,D
13433,D
13434,D
13435,D
13436,D
13437,D
13438,D
13439,D
13440,D
13441,D
13442,D
13443,D
13444,D
13445,D
13446,D
13447,D
13448,D
13449,D
13450,D
13451,D
13452,D
13453,D
13454,D
13455,D
13456,D
13457,D
13458,D
13459,D
13460,D
13461,D
13462,D
13463,D
13464,D
13465,D
13466,D
13467,D
13468,D
13469,D
13470,D
13471,D
13472,D
13473,D
13474,D
13475,D
13476,D
13477,D
13478,D
13479,D
13480,D
13481,D
13482,D
13483,D
13484,D
13485,D
13486,D
13487,D
13488,D
13489,D
13490,D
13491,D
13492,D
13493,D
13494,D
13495,D
13496,D
13497,D
13498,D
13499,D
13500,D
13501,D
13502,D
13503,D
13504,D
13505,D
13506,D
13507,D
13508,D
13509,D
13510,D
13511,D
13512,D
13513,D
13514,D
13515,D
13516,D
13517,D
13518,D
13519,D
13520,D
13521,D
13522,D
13523,D
13524,D
13525,D
13526,D
13527,D
13528,D
13529,D
13530,D
13531,D
13532,D
13533,D
13534,D
13535,D
13536,D
13537,D
13538,D
13539,D
13540,D
13541,D
13542,D
13543,D
13544,D
13545,D
13546,D
13547,D
13548,D
13549,D
13550,D
13551,D
13552,D
13553,D
13554,D
13555,D
13556,D
13557,D
13558,D
13559,D
13560,D
13561,D
13562,D
13563,D
13564,D
13565,D
13566,D
13567,D
13568,D
13569,D
13570,D
13571,D
13572,D
13573,D
13574,D
13575,D
13576,D
13577,D
13578,D
13579,D
13580,D
13581,D
13582,D
13583,D
13584,D
13585,D
13586,D
13587,D
13588,D
13589,D
13590,D
13591,D
13592,D
13593,D
13594,D
13595,D
13596,D
13597,D
13598,D
13599,D
13600,D
13601,D
13602,D
13603,D
13604,D
13605,D
13606,D
13607,D
13608,D
13609,D
13610,D
13611,D
13612,D
13613,D
13614,D
13615,D
13616,D
13617,D
13618,D
13619,D
13620,D
13621,D
13622,D
13623,D
13624,D
13625,D
13626,D
13627,D
13628,D
13629,D
13630,D
13631,D
13632,D
13633,D
13634,D
13635,D
13636,D
13637,D
13638,D
13639,D
13640,D
13641,D
13642,D
13643,D
13644,D
13645,D
13646,D
13647,D
13648,D
13649,D
13650,D
13651,D
13652,D
13653,D
13654,D
13655,D
13656,D
13657,D
13658,D
13659,D
13660,D
13661,D
13662,D
13663,D
13664,D
13665,D
13666,D
13667,D
13668,D
13669,D
13670,D
13671,D
13672,D
13673,D
13674,D
13675,D
13676,D
13677,D
13678,D
13679,D
13680,D
13681,D
13682,D
13683,D
13684,D
13685,D
13686,D
13687,D
13688,D
13689,D
13690,D
13691,D
13692,D
13693,D
13694,D
13695,D
13696,D
13697,D
13698,D
13699,D
13700,D
13701,D
13702,D
13703,D
13704,D
13705,D
13706,D
13707,D
13708,D
13709,D
13710,D
13711,D
13712,D
13713,D
13714,D
13715,D
13716,D
13717,D
13718,D
13719,D
13720,D
13721,D
13722,D
13723,D
13724,D
13725,D
13726,D
13727,D
13728,D
13729,D
13730,D
13731,D
13732,D
13733,D
13734,D
13735,D
13736,D
13737,D
13738,D
13739,D
13740,D
13741,D
13742,D
13743,D
13744,D
13745,D
13746,D
13747,D
13748,D
13749,D
13750,D
13751,D
13752,D
13753,D
13754,D
13755,D
13756,D
13757,D
13758,D
13759,D
13760,D
13761,D
13762,D
13763,D
13764,D
13765,D
13766,D
13767,D
13768,D
13769,D
13770,D
13771,D
13772,D
13773,D
13774,D
13775,D
13776,D
13777,D
13778,D
13779,D
13780,D
13781,D
13782,D
13783,D
13784,D
13785,D
13786,D
13787,D
13788,D
13789,D
13790,D
13791,D
13792,D
13793,D
13794,D
13795,D
13796,D
13797,D
13798,D
13799,D
13800,D
13801,D
13802,D
13803,D
13804,D
13805,D
13806,D
13807,D
13808,D
13809,D
13810,D
13811,D
13812,D
13813,D
13814,D
13815,D
13816,D
13817,D
13818,D
13819,D
13820,D
13821,D
13822,D
13823,D
13824,D
13825,D
13826,D
13827,D
13828,D
13829,D
13830,D
13831,D
13832,D
13833,D
13834,D
13835,D
13836,D
13837,D
13838,D
13839,D
13840,D
13841,D
13842,D
13843,D
13844,D
13845,D
13846,D
13847,D
13848,D
13849,D
13850,D
13851,D
13852,D
13853,D
13854,D
13855,D
13856,D
13857,D
13858,D
13859,D
13860,D
13861,D
13862,D
13863,D
13864,D
13865,D
13866,D
13867,D
13868,D
13869,D
13870,D
13871,D
13872,D
13873,D
13874,D
13875,D
13876,D
13877,D
13878,D
13879,D
13880,D
13881,D
13882,D
13883,D
13884,D
13885,D
13886,D
13887,D
13888,D
13889,D
13890,D
13891,D
13892,D
13893,D
13894,D
13895,D
13896,D
13897,D
13898,D
13899,D
13900,D
13901,D
13902,D
13903,D
13904,D
13905,D
13906,D
13907,D
13908,D
13909,D
13910,D
13911,D
13912,D
13913,D
13914,D
13915,D
13916,D
13917,D
13918,D
13919,D
13920,D
13921,D
13922,D
13923,D
13924,D
13925,D
13926,D
13927,D
13928,D
13929,D
13930,D
13931,D
13932,D
13933,D
13934,D
13935,D
13936,D
13937,D
13938,D
13939,D
13940,D
13941,D
13942,D
13943,D
13944,D
13945,D
13946,D
13947,D
13948,D
13949,D
13950,D
13951,D
13952,D
13953,D
13954,D
13955,D
13956,D
13957,D
13958,D
13959,D
13960,D
13961,D
13962,D
13963,D
13964,D
13965,D
13966,D
13967,D
13968,D
13969,D
13970,D
13971,D
13972,D
13973,D
13974,D
13975,D
13976,D
13977,D
13978,D
13979,D
13980,D
13981,D
13982,D
13983,D
13984,D
13985,D
13986,D
13987,D
13988,D
13989,D
13990,D
13991,D
13992,D
13993,D
13994,D
13995,D
13996,D
13997,D
13998,D
13999,D
14000,D
14001,D
14002,D
14003,D
14004,D
14005,D
14006,D
14007,D
14008,D
14009,D
14010,D
14011,D
14012,D
14013,D
14014,D
14015,D
14016,D
14017,D
14018,D
14019,D
14020,D
14021,D
14022,D
14023,D
14024,D
14025,D
14026,D
14027,D
14028,D
14029,D
14030,D
14031,D
14032,D
14033,D
14034,D
14035,D
14036,D
14037,D
14038,D
14039,D
14040,D
14041,D
14042,D
14043,D
14044,D
14045,D
14046,D
14047,D
14048,D
14049,D
14050,D
14051,D
14052,D
14053,D
14054,D
14055,D
14056,D
14057,D
14058,D
14059,D
14060,D
14061,D
14062,D
14063,D
14064,D
14065,D
14066,D
14067,D
14068,D
14069,D
14070,D
14071,D
14072,D
14073,D
14074,D
14075,D
14076,D
14077,D
14078,D
14079,D
14080,D
14081,D
14082,D
14083,D
14084,D
14085,D
14086,D
14087,D
14088,D
14089,D
14090,D
14091,D
14092,D
14093,D
14094,D
14095,D
14096,D
14097,D
14098,D
14099,D
14100,D
14101,D
14102,D
14103,D
14104,D
14105,D
14106,D
14107,D
14108,D
14109,D
14110,D
14111,D
14112,D
14113,D
14114,D
14115,D
14116,D
14117,D
14118,D
14119,D
14120,D
14121,D
14122,D
14123,D
14124,D
14125,D
14126,D
14127,D
14128,D
14129,D
14130,D
14131,D
14132,D
14133,D
14134,D
14135,D
14136,D
14137,D
14138,D
14139,D
14140,D
14141,D
14142,D
14143,D
14144,D
14145,D
14146,D
14147,D
14148,D
14149,D
14150,D
14151,D
14152,D
14153,D
14154,D
14155,D
14156,D
14157,D
14158,D
14159,D
14160,D
14161,D
14162,D
14163,D
14164,D
14165,D
14166,D
14167,D
14168,D
14169,D
14170,D
14171,D
14172,D
14173,D
14174,D
14175,D
14176,D
14177,D
14178,D
14179,D
14180,D
14181,D
14182,D
14183,D
14184,D
14185,D
14186,D
14187,D
14188,D
14189,D
14190,D
14191,D
14192,D
14193,D
14194,D
14195,D
14196,D
14197,D
14198,D
14199,D
14200,D
14201,D
14202,D
14203,D
14204,D
14205,D
14206,D
14207,D
14208,D
14209,D
14210,D
14211,D
14212,D
14213,D
14214,D
14215,D
14216,D
14217,D
14218,D
14219,D
14220,D
14221,D
14222,D
14223,D
14224,D
14225,D
14226,D
14227,D
14228,D
14229,D
14230,D
14231,D
14232,D
14233,D
14234,D
14235,D
14236,D
14237,D
14238,D
14239,D
14240,D
14241,D
14242,D
14243,D
14244,D
14245,D
14246,D
14247,D
14248,D
14249,D
14250,D
14251,D
14252,D
14253,D
14254,D
14255,D
14256,D
14257,D
14258,D
14259,D
14260,D
14261,D
14262,D
14263,D
14264,D
14265,D
14266,D
14267,D
14268,D
14269,D
14270,D
14271,D
14272,D
14273,D
14274,D
14275,D
14276,D
14277,D
14278,D
14279,D
14280,D
14281,D
14282,D
14283,D
14284,D
14285,D
14286,D
14287,D
14288,D
14289,D
14290,D
14291,D
14292,D
14293,D
14294,D
14295,D
14296,D
14297,D
14298,D
14299,D
14300,D
14301,D
14302,D
14303,D
14304,D
14305,D
14306,D
14307,D
14308,D
14309,D
14310,D
14311,D
14312,D
14313,D
14314,D
14315,D
14316,D
14317,D
14318,D
14319,D
14320,D
14321,D
14322,D
14323,D
14324,D
14325,D
14326,D
14327,D
14328,D
14329,D
14330,D
14331,D
14332,D
14333,D
14334,D
14335,D
14336,D
14337,D
14338,D
14339,D
14340,D
14341,D
14342,D
14343,D
14344,D
14345,D
14346,D
14347,D
14348,D
14349,D
14350,D
14351,D
14352,D
14353,D
14354,D
14355,D
14356,D
14357,D
14358,D
14359,D
14360,D
14361,D
14362,D
14363,D
14364,D
14365,D
14366,D
14367,D
14368,D
14369,D
14370,D
14371,D
14372,D
14373,D
14374,D
14375,D
14376,D
14377,D
14378,D
14379,D
14380,D
14381,D
14382,D
14383,D
14384,D
14385,D
14386,D
14387,D
14388,D
14389,D
14390,D
14391,D
14392,D
14393,D
14394,D
14395,D
14396,D
14397,D
14398,D
14399,D
14400,D
14401,D
14402,D
14403,D
14404,D
14405,D
14406,D
14407,D
14408,D
14409,D
14410,D
14411,D
14412,D
14413,D
14414,D
14415,D
14416,D
14417,D
14418,D
14419,D
14420,D
14421,D
14422,D
14423,D
14424,D
14425,D
14426,D
14427,D
14428,D
14429,D
14430,D
14431,D
14432,D
14433,D
14434,D
14435,D
14436,D
14437,D
14438,D
14439,D
14440,D
14441,D
14442,D
14443,D
14444,D
14445,D
14446,D
14447,D
14448,D
14449,D
14450,D
14451,D
14452,D
14453,D
14454,D
14455,D
14456,D
14457,D
14458,D
14459,D
14460,D
14461,D
14462,D
14463,D
14464,D
14465,D
14466,D
14467,D
14468,D
14469,D
14470,D
14471,D
14472,D
14473,D
14474,D
14475,D
14476,D
14477,D
14478,D
14479,D
14480,D
14481,D
14482,D
14483,D
14484,D
14485,D
14486,D
14487,D
14488,D
14489,D
14490,D
14491,D
14492,D
14493,D
14494,D
14495,D
14496,D
14497,D
14498,D
14499,D
14500,D
14501,D
14502,D
14503,D
14504,D
14505,D
14506,D
14507,D
14508,D
14509,D
14510,D
14511,D
14512,D
14513,D
14514,D
14515,D
14516,D
14517,D
14518,D
14519,D
14520,D
14521,D
14522,D
14523,D
14524,D
14525,D
14526,D
14527,D
14528,D
14529,D
14530,D
14531,D
14532,D
14533,D
14534,D
14535,D
14536,D
14537,D
14538,D
14539,D
14540,D
14541,D
14542,D
14543,D
14544,D
14545,D
14546,D
14547,D
14548,D
14549,D
14550,D
14551,D
14552,D
14553,D
14554,D
14555,D
14556,D
14557,D
14558,D
14559,D
14560,D
14561,D
14562,D
14563,D
14564,D
14565,D
14566,D
14567,D
14568,D
14569,D
14570,D
14571,D
14572,D
14573,D
14574,D
14575,D
14576,D
14577,D
14578,D
14579,D
14580,D
14581,D
14582,D
14583,D
14584,D
14585,D
14586,D
14587,D
14588,D
14589,D
14590,D
14591,D
14592,D
14593,D
14594,D
14595,D
14596,D
14597,D
14598,D
14599,D
14600,D
14601,D
14602,D
14603,D
14604,D
14605,D
14606,D
14607,D
14608,D
14609,D
14610,D
14611,D
14612,D
14613,D
14614,D
14615,D
14616,D
14617,D
14618,D
14619,D
14620,D
14621,D
14622,D
14623,D
14624,D
14625,D
14626,D
14627,D
14628,D
14629,D
14630,D
14631,D
14632,D
14633,D
14634,D
14635,D
14636,D
14637,D
14638,D
14639,D
14640,D
14641,D
14642,D
14643,D
14644,D
14645,D
14646,D
14647,D
14648,D
14649,D
14650,D
14651,D
14652,D
14653,D
14654,D
14655,D
14656,D
14657,D
14658,D
14659,D
14660,D
14661,D
14662,D
14663,D
14664,D
14665,D
14666,D
14667,D
14668,D
14669,D
14670,D
14671,D
14672,D
14673,D
14674,D
14675,D
14676,D
14677,D
14678,D
14679,D
14680,D
14681,D
14682,D
14683,D
14684,D
14685,D
14686,D
14687,D
14688,D
14689,D
14690,D
14691,D
14692,D
14693,D
14694,D
14695,D
14696,D
14697,D
14698,D
14699,D
14700,D
14701,D
14702,D
14703,D
14704,D
14705,D
14706,D
14707,D
14708,D
14709,D
14710,D
14711,D
14712,D
14713,D
14714,D
14715,D
14716,D
14717,D
14718,D
14719,D
14720,D
14721,D
14722,D
14723,D
14724,D
14725,D
14726,D
14727,D
14728,D
14729,D
14730,D
14731,D
14732,D
14733,D
14734,D
14735,D
14736,D
14737,D
14738,D
14739,D
14740,D
14741,D
14742,D
14743,D
14744,D
14745,D
14746,D
14747,D
14748,D
14749,D
14750,D
14751,D
14752,D
14753,D
14754,D
14755,D
14756,D
14757,D
14758,D
14759,D
14760,D
14761,D
14762,D
14763,D
14764,D
14765,D
14766,D
14767,D
14768,D
14769,D
14770,D
14771,D
14772,D
14773,D
14774,D
14775,D
14776,D
14777,D
14778,D
14779,D
14780,D
14781,D
14782,D
14783,D
14784,D
14785,D
14786,D
14787,D
14788,D
14789,D
14790,D
14791,D
14792,D
14793,D
14794,D
14795,D
14796,D
14797,D
14798,D
14799,D
14800,D
14801,D
14802,D
14803,D
14804,D
14805,D
14806,D
14807,D
14808,D
14809,D
14810,D
14811,D
14812,D
14813,D
14814,D
14815,D
14816,D
14817,D
14818,D
14819,D
14820,D
14821,D
14822,D
14823,D
14824,D
14825,D
14826,D
14827,D
14828,D
14829,D
14830,D
14831,D
14832,D
14833,D
14834,D
14835,D
14836,D
14837,D
14838,D
14839,D
14840,D
14841,D
14842,D
14843,D
14844,D
14845,D
14846,D
14847,D
14848,D
14849,D
14850,D
14851,D
14852,D
14853,D
14854,D
14855,D
14856,D
14857,D
14858,D
14859,D
14860,D
14861,D
14862,D
14863,D
14864,D
14865,D
14866,D
14867,D
14868,D
14869,D
14870,D
14871,D
14872,D
14873,D
14874,D
14875,D
14876,D
14877,D
14878,D
14879,D
14880,D
14881,D
14882,D
14883,D
14884,D
14885,D
14886,D
14887,D
14888,D
14889,D
14890,D
14891,D
14892,D
14893,D
14894,D
14895,D
14896,D
14897,D
14898,D
14899,D
14900,D
14901,D
14902,D
14903,D
14904,D
14905,D
14906,D
14907,D
14908,D
14909,D
14910,D
14911,D
14912,D
14913,D
14914,D
14915,D
14916,D
14917,D
14918,D
14919,D
14920,D
14921,D
14922,D
14923,D
14924,D
14925,D
14926,D
14927,D
14928,D
14929,D
14930,D
14931,D
14932,D
14933,D
14934,D
14935,D
14936,D
14937,D
14938,D
14939,D
14940,D
14941,D
14942,D
14943,D
14944,D
14945,D
14946,D
14947,D
14948,D
14949,D
14950,D
14951,D
14952,D
14953,D
14954,D
14955,D
14956,D
14957,D
14958,D
14959,D
14960,D
14961,D
14962,D
14963,D
14964,D
14965,D
14966,D
14967,D
14968,D
14969,D
14970,D
14971,D
14972,D
14973,D
14974,D
14975,D
14976,D
14977,D
14978,D
14979,D
14980,D
14981,D
14982,D
14983,D
14984,D
14985,D
14986,D
14987,D
14988,D
14989,D
14990,D
14991,D
14992,D
14993,D
14994,D
14995,D
14996,D
14997,D
14998,D
14999,D
