id,class
0,D
1,K
2,D
3,K
4,D
5,K
6,K
7,K
8,K
9,D
10,D
11,D
12,K
13,D
14,D
15,K
16,D
17,D
18,K
19,D
20,D
21,D
22,D
23,K
24,D
25,D
26,K
27,D
28,D
29,D
30,D
31,D
32,K
33,K
34,K
35,D
36,D
37,D
38,D
39,K
40,D
41,D
42,D
43,D
44,D
45,D
46,D
47,D
48,D
49,D
50,D
51,K
52,D
53,D
54,K
55,K
56,K
57,D
58,K
59,D
60,K
61,D
62,K
63,D
64,D
65,D
66,D
67,K
68,K
69,D
70,K
71,D
72,D
73,D
74,D
75,D
76,K
77,D
78,D
79,D
80,D
81,D
82,K
83,D
84,D
85,K
86,K
87,D
88,D
89,D
90,D
91,D
92,K
93,D
94,D
95,D
96,D
97,D
98,D
99,K
100,K
101,K
102,K
103,D
104,K
105,D
106,K
107,K
108,K
109,D
110,K
111,K
112,D
113,D
114,K
115,K
116,D
117,K
118,K
119,D
120,D
121,D
122,K
123,D
124,K
125,D
126,D
127,D
128,K
129,D
130,D
131,K
132,D
133,D
134,K
135,K
136,D
137,D
138,D
139,K
140,D
141,K
142,K
143,D
144,D
145,K
146,K
147,D
148,D
149,D
150,K
151,K
152,D
153,D
154,D
155,D
156,D
157,D
158,D
159,D
160,D
161,K
162,D
163,D
164,D
165,D
166,K
167,K
168,D
169,D
170,D
171,D
172,K
173,D
174,D
175,K
176,D
177,D
178,K
179,D
180,K
181,K
182,D
183,K
184,D
185,K
186,K
187,D
188,K
189,D
190,K
191,D
192,D
193,K
194,D
195,D
196,D
197,D
198,D
199,D
200,D
201,K
202,D
203,D
204,D
205,D
206,D
207,D
208,D
209,D
210,D
211,D
212,D
213,K
214,K
215,D
216,D
217,D
218,D
219,K
220,D
221,K
222,K
223,K
224,K
225,D
226,D
227,D
228,K
229,D
230,D
231,K
232,K
233,D
234,D
235,D
236,K
237,K
238,D
239,D
240,K
241,K
242,K
243,D
244,D
245,D
246,D
247,K
248,K
249,D
250,D
251,D
252,D
253,K
254,D
255,D
256,D
257,K
258,D
259,K
260,D
261,D
262,D
263,K
264,D
265,K
266,D
267,D
268,D
269,K
270,D
271,D
272,D
273,K
274,K
275,D
276,K
277,K
278,D
279,D
280,D
281,D
282,D
283,K
284,D
285,D
286,D
287,D
288,D
289,K
290,D
291,D
292,D
293,D
294,D
295,D
296,K
297,D
298,D
299,D
300,D
301,K
302,D
303,D
304,D
305,D
306,K
307,K
308,K
309,D
310,D
311,D
312,K
313,K
314,D
315,D
316,D
317,D
318,D
319,D
320,D
321,D
322,K
323,K
324,D
325,D
326,K
327,K
328,K
329,D
330,D
331,K
332,D
333,D
334,D
335,D
336,D
337,K
338,D
339,D
340,D
341,K
342,D
343,K
344,K
345,D
346,K
347,D
348,K
349,D
350,K
351,D
352,K
353,D
354,D
355,K
356,D
357,K
358,D
359,D
360,D
361,D
362,D
363,K
364,D
365,D
366,D
367,D
368,K
369,D
370,D
371,D
372,D
373,D
374,D
375,D
376,D
377,D
378,K
379,D
380,D
381,D
382,D
383,D
384,D
385,D
386,D
387,D
388,D
389,D
390,D
391,D
392,K
393,D
394,D
395,D
396,K
397,K
398,D
399,D
400,D
401,D
402,K
403,D
404,D
405,D
406,D
407,D
408,D
409,D
410,K
411,D
412,D
413,D
414,K
415,D
416,D
417,K
418,K
419,D
420,D
421,K
422,D
423,K
424,D
425,D
426,D
427,K
428,K
429,K
430,K
431,D
432,D
433,D
434,D
435,D
436,D
437,D
438,D
439,D
440,D
441,D
442,D
443,K
444,D
445,D
446,D
447,K
448,D
449,D
450,D
451,D
452,D
453,K
454,D
455,K
456,D
457,D
458,K
459,D
460,D
461,D
462,D
463,D
464,K
465,D
466,K
467,D
468,D
469,D
470,K
471,D
472,D
473,K
474,D
475,K
476,D
477,K
478,K
479,D
480,K
481,D
482,D
483,K
484,D
485,K
486,D
487,D
488,D
489,K
490,D
491,D
492,K
493,D
494,K
495,D
496,K
497,D
498,D
499,D
500,D
501,K
502,D
503,D
504,D
505,D
506,D
507,D
508,D
509,D
510,D
511,D
512,K
513,D
514,D
515,K
516,D
517,D
518,D
519,K
520,D
521,K
522,K
523,K
524,D
525,D
526,K
527,D
528,D
529,K
530,D
531,K
532,K
533,K
534,K
535,D
536,D
537,D
538,K
539,K
540,D
541,D
542,D
543,K
544,K
545,D
546,D
547,D
548,D
549,D
550,D
551,D
552,D
553,D
554,K
555,K
556,D
557,K
558,D
559,D
560,D
561,D
562,D
563,D
564,D
565,K
566,D
567,D
568,D
569,D
570,K
571,D
572,D
573,D
574,K
575,D
576,K
577,D
578,D
579,K
580,K
581,D
582,D
583,D
584,D
585,D
586,D
587,D
588,D
589,D
590,K
591,K
592,D
593,K
594,D
595,D
596,K
597,D
598,K
599,D
600,D
601,D
602,K
603,K
604,D
605,D
606,D
607,D
608,D
609,D
610,D
611,D
612,D
613,K
614,K
615,D
616,D
617,K
618,D
619,K
620,K
621,D
622,D
623,K
624,K
625,D
626,K
627,D
628,K
629,D
630,D
631,D
632,D
633,D
634,K
635,K
636,K
637,D
638,D
639,D
640,D
641,D
642,D
643,D
644,D
645,K
646,K
647,D
648,K
649,D
650,D
651,D
652,K
653,K
654,D
655,D
656,D
657,K
658,K
659,D
660,D
661,D
662,K
663,D
664,D
665,D
666,D
667,K
668,D
669,D
670,K
671,D
672,D
673,K
674,D
675,D
676,D
677,D
678,K
679,D
680,K
681,K
682,K
683,D
684,K
685,D
686,D
687,D
688,D
689,K
690,D
691,K
692,D
693,K
694,D
695,K
696,K
697,K
698,D
699,K
700,K
701,K
702,D
703,D
704,D
705,K
706,D
707,K
708,K
709,D
710,D
711,D
712,D
713,D
714,K
715,D
716,D
717,D
718,D
719,K
720,K
721,D
722,K
723,D
724,D
725,D
726,D
727,D
728,D
729,D
730,D
731,K
732,K
733,D
734,D
735,D
736,D
737,D
738,D
739,D
740,K
741,D
742,D
743,D
744,K
745,D
746,D
747,K
748,K
749,K
750,D
751,D
752,D
753,D
754,D
755,D
756,D
757,K
758,D
759,D
760,D
761,K
762,K
763,D
764,K
765,D
766,D
767,D
768,D
769,K
770,D
771,D
772,K
773,K
774,D
775,D
776,K
777,D
778,K
779,D
780,D
781,D
782,K
783,K
784,D
785,D
786,K
787,K
788,K
789,D
790,D
791,K
792,D
793,D
794,D
795,D
796,D
797,D
798,K
799,D
800,K
801,K
802,K
803,D
804,D
805,D
806,K
807,D
808,K
809,D
810,D
811,D
812,D
813,D
814,D
815,D
816,D
817,K
818,D
819,D
820,D
821,D
822,D
823,K
824,D
825,D
826,K
827,K
828,D
829,D
830,K
831,D
832,D
833,D
834,K
835,D
836,K
837,D
838,D
839,K
840,D
841,K
842,K
843,D
844,K
845,D
846,D
847,K
848,K
849,K
850,D
851,K
852,K
853,D
854,D
855,D
856,D
857,D
858,D
859,D
860,K
861,K
862,D
863,D
864,D
865,D
866,K
867,D
868,D
869,D
870,D
871,K
872,D
873,D
874,D
875,D
876,D
877,D
878,D
879,D
880,D
881,D
882,K
883,K
884,K
885,D
886,D
887,D
888,K
889,D
890,K
891,K
892,D
893,D
894,D
895,D
896,D
897,D
898,D
899,D
900,K
901,K
902,D
903,K
904,D
905,D
906,D
907,D
908,K
909,K
910,K
911,K
912,K
913,D
914,D
915,D
916,D
917,D
918,D
919,D
920,D
921,K
922,D
923,D
924,D
925,D
926,D
927,D
928,K
929,D
930,K
931,K
932,D
933,D
934,D
935,D
936,K
937,K
938,D
939,D
940,D
941,K
942,K
943,K
944,D
945,D
946,D
947,D
948,K
949,K
950,D
951,D
952,D
953,D
954,D
955,D
956,D
957,D
958,K
959,D
960,D
961,D
962,D
963,D
964,K
965,D
966,D
967,D
968,K
969,D
970,K
971,D
972,K
973,D
974,D
975,K
976,D
977,D
978,K
979,D
980,D
981,D
982,D
983,D
984,K
985,K
986,K
987,K
988,D
989,K
990,K
991,D
992,D
993,D
994,K
995,K
996,D
997,K
998,K
999,D
1000,K
1001,D
1002,D
1003,D
1004,D
1005,K
1006,D
1007,K
1008,K
1009,D
1010,K
1011,D
1012,K
1013,D
1014,D
1015,K
1016,D
1017,D
1018,D
1019,D
1020,D
1021,K
1022,K
1023,D
1024,D
1025,K
1026,D
1027,K
1028,D
1029,D
1030,D
1031,D
1032,D
1033,D
1034,D
1035,K
1036,D
1037,D
1038,K
1039,D
1040,K
1041,K
1042,D
1043,D
1044,K
1045,D
1046,D
1047,D
1048,D
1049,D
1050,K
1051,D
1052,D
1053,D
1054,D
1055,D
1056,D
1057,D
1058,D
1059,D
1060,D
1061,D
1062,D
1063,D
1064,D
1065,K
1066,D
1067,D
1068,K
1069,D
1070,D
1071,K
1072,K
1073,K
1074,D
1075,D
1076,K
1077,D
1078,K
1079,D
1080,D
1081,K
1082,D
1083,D
1084,D
1085,D
1086,K
1087,K
1088,D
1089,K
1090,K
1091,D
1092,D
1093,D
1094,D
1095,D
1096,D
1097,D
1098,D
1099,D
1100,D
1101,K
1102,K
1103,D
1104,K
1105,K
1106,D
1107,D
1108,D
1109,D
1110,K
1111,D
1112,D
1113,D
1114,D
1115,K
1116,K
1117,K
1118,K
1119,K
1120,D
1121,D
1122,D
1123,D
1124,K
1125,K
1126,D
1127,D
1128,D
1129,D
1130,D
1131,D
1132,K
1133,D
1134,K
1135,D
1136,K
1137,K
1138,D
1139,K
1140,D
1141,D
1142,D
1143,K
1144,K
1145,K
1146,D
1147,D
1148,K
1149,D
1150,D
1151,D
1152,D
1153,D
1154,K
1155,K
1156,D
1157,K
1158,K
1159,D
1160,D
1161,K
1162,D
1163,D
1164,K
1165,K
1166,K
1167,D
1168,K
1169,K
1170,D
1171,D
1172,D
1173,D
1174,K
1175,D
1176,D
1177,D
1178,D
1179,K
1180,D
1181,D
1182,K
1183,D
1184,K
1185,K
1186,K
1187,K
1188,K
1189,D
1190,K
1191,D
1192,D
1193,D
1194,K
1195,D
1196,D
1197,D
1198,K
1199,D
1200,D
1201,D
1202,K
1203,K
1204,D
1205,D
1206,D
1207,D
1208,D
1209,K
1210,D
1211,K
1212,D
1213,D
1214,D
1215,K
1216,K
1217,D
1218,K
1219,D
1220,D
1221,K
1222,D
1223,D
1224,K
1225,D
1226,D
1227,K
1228,D
1229,D
1230,D
1231,D
1232,D
1233,D
1234,D
1235,D
1236,K
1237,D
1238,D
1239,K
1240,D
1241,K
1242,K
1243,K
1244,D
1245,D
1246,D
1247,K
1248,D
1249,D
1250,D
1251,K
1252,K
1253,D
1254,D
1255,D
1256,D
1257,D
1258,K
1259,D
1260,D
1261,D
1262,K
1263,K
1264,K
1265,D
1266,D
1267,D
1268,K
1269,K
1270,D
1271,D
1272,D
1273,K
1274,D
1275,K
1276,D
1277,D
1278,K
1279,D
1280,D
1281,D
1282,K
1283,D
1284,D
1285,D
1286,D
1287,D
1288,D
1289,D
1290,D
1291,D
1292,D
1293,D
1294,D
1295,D
1296,D
1297,D
1298,D
1299,K
1300,K
1301,D
1302,D
1303,K
1304,K
1305,D
1306,D
1307,K
1308,D
1309,D
1310,D
1311,D
1312,D
1313,K
1314,D
1315,K
1316,D
1317,D
1318,D
1319,D
1320,K
1321,D
1322,K
1323,D
1324,K
1325,D
1326,D
1327,K
1328,D
1329,D
1330,D
1331,D
1332,D
1333,D
1334,D
1335,D
1336,D
1337,K
1338,D
1339,D
1340,D
1341,D
1342,D
1343,D
1344,D
1345,K
1346,D
1347,K
1348,D
1349,D
1350,K
1351,D
1352,K
1353,D
1354,D
1355,K
1356,K
1357,K
1358,K
1359,K
1360,D
1361,K
1362,K
1363,K
1364,D
1365,K
1366,K
1367,D
1368,D
1369,D
1370,D
1371,D
1372,D
1373,D
1374,K
1375,D
1376,D
1377,D
1378,D
1379,K
1380,D
1381,D
1382,D
1383,K
1384,K
1385,D
1386,D
1387,D
1388,D
1389,D
1390,D
1391,D
1392,D
1393,D
1394,D
1395,D
1396,D
1397,D
1398,D
1399,D
1400,D
1401,K
1402,D
1403,D
1404,D
1405,D
1406,K
1407,D
1408,K
1409,K
1410,D
1411,K
1412,D
1413,D
1414,D
1415,D
1416,D
1417,K
1418,K
1419,K
1420,D
1421,D
1422,D
1423,D
1424,D
1425,D
1426,K
1427,K
1428,D
1429,D
1430,D
1431,D
1432,D
1433,K
1434,K
1435,D
1436,K
1437,D
1438,K
1439,D
1440,K
1441,K
1442,D
1443,D
1444,D
1445,D
1446,K
1447,K
1448,K
1449,K
1450,D
1451,D
1452,D
1453,D
1454,D
1455,D
1456,D
1457,K
1458,D
1459,K
1460,D
1461,D
1462,K
1463,D
1464,D
1465,D
1466,D
1467,D
1468,K
1469,D
1470,D
1471,D
1472,D
1473,D
1474,D
1475,D
1476,D
1477,D
1478,K
1479,D
1480,D
1481,K
1482,D
1483,D
1484,D
1485,D
1486,D
1487,K
1488,D
1489,D
1490,D
1491,D
1492,D
1493,D
1494,D
1495,D
1496,K
1497,D
1498,D
1499,D
1500,D
1501,K
1502,K
1503,K
1504,D
1505,D
1506,D
1507,D
1508,D
1509,K
1510,D
1511,D
1512,D
1513,D
1514,D
1515,D
1516,K
1517,D
1518,D
1519,D
1520,D
1521,D
1522,D
1523,D
1524,D
1525,D
1526,K
1527,D
1528,D
1529,D
1530,D
1531,K
1532,D
1533,D
1534,D
1535,D
1536,K
1537,D
1538,K
1539,K
1540,D
1541,D
1542,K
1543,D
1544,K
1545,K
1546,D
1547,D
1548,K
1549,D
1550,K
1551,D
1552,D
1553,D
1554,D
1555,K
1556,D
1557,D
1558,K
1559,K
1560,D
1561,D
1562,K
1563,D
1564,K
1565,D
1566,D
1567,D
1568,D
1569,D
1570,D
1571,D
1572,D
1573,D
1574,D
1575,D
1576,K
1577,D
1578,K
1579,D
1580,D
1581,D
1582,D
1583,D
1584,D
1585,K
1586,D
1587,D
1588,D
1589,K
1590,D
1591,D
1592,K
1593,K
1594,K
1595,D
1596,K
1597,K
1598,D
1599,D
1600,D
1601,D
1602,D
1603,D
1604,D
1605,K
1606,K
1607,D
1608,D
1609,D
1610,D
1611,K
1612,K
1613,D
1614,D
1615,D
1616,D
1617,K
1618,D
1619,K
1620,D
1621,D
1622,K
1623,D
1624,D
1625,D
1626,D
1627,D
1628,K
1629,D
1630,D
1631,K
1632,D
1633,K
1634,D
1635,K
1636,D
1637,K
1638,D
1639,K
1640,D
1641,D
1642,D
1643,D
1644,K
1645,D
1646,K
1647,D
1648,D
1649,D
1650,D
1651,D
1652,D
1653,K
1654,D
1655,K
1656,D
1657,D
1658,D
1659,D
1660,D
1661,D
1662,D
1663,D
1664,D
1665,D
1666,D
1667,D
1668,K
1669,D
1670,D
1671,D
1672,K
1673,D
1674,D
1675,D
1676,D
1677,K
1678,K
1679,D
1680,D
1681,D
1682,K
1683,D
1684,K
1685,K
1686,D
1687,K
1688,K
1689,D
1690,D
1691,D
1692,K
1693,D
1694,D
1695,D
1696,D
1697,D
1698,K
1699,K
1700,D
1701,K
1702,D
1703,D
1704,K
1705,D
1706,D
1707,K
1708,K
1709,D
1710,D
1711,K
1712,D
1713,D
1714,D
1715,D
1716,D
1717,K
1718,K
1719,D
1720,D
1721,D
1722,K
1723,D
1724,D
1725,K
1726,K
1727,D
1728,D
1729,D
1730,D
1731,D
1732,D
1733,D
1734,D
1735,K
1736,D
1737,K
1738,D
1739,K
1740,D
1741,D
1742,D
1743,K
1744,D
1745,D
1746,D
1747,D
1748,D
1749,K
1750,D
1751,D
1752,K
1753,D
1754,D
1755,D
1756,K
1757,D
1758,K
1759,D
1760,D
1761,K
1762,K
1763,D
1764,D
1765,K
1766,D
1767,D
1768,D
1769,D
1770,K
1771,D
1772,D
1773,D
1774,K
1775,D
1776,D
1777,K
1778,D
1779,K
1780,K
1781,D
1782,D
1783,K
1784,D
1785,D
1786,D
1787,D
1788,D
1789,D
1790,K
1791,K
1792,K
1793,K
1794,K
1795,K
1796,K
1797,D
1798,K
1799,D
1800,D
1801,D
1802,D
1803,D
1804,D
1805,D
1806,D
1807,K
1808,D
1809,D
1810,K
1811,D
1812,D
1813,K
1814,D
1815,K
1816,D
1817,K
1818,D
1819,K
1820,K
1821,D
1822,D
1823,D
1824,K
1825,K
1826,D
1827,D
1828,D
1829,D
1830,D
1831,D
1832,K
1833,D
1834,D
1835,D
1836,K
1837,D
1838,D
1839,D
1840,D
1841,D
1842,D
1843,D
1844,K
1845,K
1846,D
1847,D
1848,D
1849,D
1850,D
1851,K
1852,D
1853,D
1854,D
1855,K
1856,D
1857,D
1858,D
1859,D
1860,D
1861,D
1862,D
1863,K
1864,K
1865,K
1866,D
1867,D
1868,D
1869,D
1870,D
1871,D
1872,D
1873,D
1874,K
1875,K
1876,D
1877,D
1878,D
1879,K
1880,D
1881,D
1882,D
1883,K
1884,D
1885,K
1886,K
1887,D
1888,K
1889,D
1890,D
1891,D
1892,D
1893,D
1894,D
1895,D
1896,D
1897,D
1898,K
1899,K
1900,K
1901,K
1902,D
1903,D
1904,K
1905,D
1906,D
1907,D
1908,K
1909,D
1910,K
1911,D
1912,D
1913,D
1914,K
1915,D
1916,D
1917,D
1918,D
1919,D
1920,D
1921,D
1922,K
1923,K
1924,D
1925,D
1926,D
1927,D
1928,D
1929,D
1930,D
1931,D
1932,D
1933,K
1934,D
1935,K
1936,D
1937,D
1938,D
1939,K
1940,D
1941,D
1942,K
1943,K
1944,D
1945,K
1946,D
1947,D
1948,D
1949,D
1950,D
1951,D
1952,K
1953,K
1954,K
1955,K
1956,D
1957,D
1958,D
1959,D
1960,D
1961,D
1962,D
1963,D
1964,K
1965,D
1966,K
1967,D
1968,K
1969,D
1970,D
1971,K
1972,D
1973,K
1974,D
1975,D
1976,D
1977,D
1978,D
1979,K
1980,K
1981,D
1982,K
1983,D
1984,D
1985,K
1986,D
1987,D
1988,K
1989,D
1990,D
1991,K
1992,D
1993,D
1994,D
1995,K
1996,D
1997,K
1998,K
1999,K
2000,D
2001,D
2002,D
2003,K
2004,D
2005,D
2006,K
2007,D
2008,D
2009,D
2010,D
2011,D
2012,K
2013,K
2014,K
2015,K
2016,D
2017,D
2018,D
2019,K
2020,D
2021,K
2022,D
2023,K
2024,D
2025,D
2026,D
2027,D
2028,D
2029,K
2030,D
2031,D
2032,K
2033,D
2034,D
2035,K
2036,D
2037,K
2038,D
2039,K
2040,D
2041,D
2042,D
2043,D
2044,D
2045,D
2046,D
2047,K
2048,K
2049,D
2050,D
2051,K
2052,D
2053,D
2054,D
2055,D
2056,K
2057,K
2058,D
2059,D
2060,K
2061,K
2062,D
2063,K
2064,D
2065,K
2066,K
2067,D
2068,K
2069,K
2070,D
2071,D
2072,D
2073,K
2074,D
2075,D
2076,D
2077,D
2078,K
2079,K
2080,D
2081,K
2082,K
2083,D
2084,D
2085,D
2086,D
2087,D
2088,D
2089,D
2090,D
2091,K
2092,D
2093,D
2094,D
2095,D
2096,D
2097,K
2098,D
2099,K
2100,D
2101,D
2102,D
2103,K
2104,K
2105,D
2106,K
2107,D
2108,D
2109,D
2110,D
2111,K
2112,D
2113,K
2114,D
2115,D
2116,D
2117,K
2118,D
2119,D
2120,K
2121,K
2122,D
2123,K
2124,D
2125,D
2126,K
2127,D
2128,K
2129,D
2130,K
2131,D
2132,D
2133,D
2134,D
2135,K
2136,D
2137,D
2138,D
2139,D
2140,D
2141,D
2142,D
2143,D
2144,K
2145,D
2146,D
2147,D
2148,D
2149,D
2150,D
2151,D
2152,D
2153,K
2154,D
2155,K
2156,D
2157,D
2158,D
2159,D
2160,K
2161,D
2162,K
2163,K
2164,D
2165,D
2166,D
2167,D
2168,K
2169,D
2170,K
2171,D
2172,K
2173,D
2174,D
2175,K
2176,D
2177,K
2178,K
2179,K
2180,D
2181,K
2182,D
2183,K
2184,K
2185,D
2186,D
2187,D
2188,D
2189,D
2190,D
2191,D
2192,K
2193,K
2194,D
2195,D
2196,K
2197,D
2198,D
2199,D
2200,D
2201,D
2202,D
2203,K
2204,D
2205,D
2206,D
2207,D
2208,K
2209,K
2210,D
2211,D
2212,D
2213,D
2214,D
2215,K
2216,D
2217,K
2218,D
2219,D
2220,D
2221,D
2222,D
2223,D
2224,K
2225,D
2226,D
2227,D
2228,D
2229,K
2230,K
2231,K
2232,D
2233,K
2234,D
2235,D
2236,D
2237,D
2238,D
2239,D
2240,D
2241,D
2242,K
2243,K
2244,D
2245,D
2246,D
2247,D
2248,D
2249,D
2250,D
2251,D
2252,D
2253,D
2254,K
2255,K
2256,D
2257,D
2258,D
2259,K
2260,K
2261,D
2262,K
2263,D
2264,D
2265,D
2266,K
2267,D
2268,D
2269,K
2270,D
2271,D
2272,D
2273,K
2274,D
2275,D
2276,D
2277,D
2278,D
2279,D
2280,D
2281,D
2282,K
2283,D
2284,D
2285,K
2286,K
2287,D
2288,K
2289,D
2290,D
2291,D
2292,D
2293,D
2294,D
2295,D
2296,D
2297,D
2298,D
2299,D
2300,K
2301,D
2302,D
2303,D
2304,K
2305,D
2306,D
2307,K
2308,K
2309,K
2310,D
2311,D
2312,D
2313,D
2314,D
2315,K
2316,D
2317,D
2318,D
2319,D
2320,D
2321,D
2322,D
2323,D
2324,D
2325,D
2326,K
2327,D
2328,D
2329,D
2330,K
2331,D
2332,D
2333,D
2334,D
2335,D
2336,D
2337,D
2338,D
2339,K
2340,K
2341,D
2342,K
2343,D
2344,D
2345,K
2346,D
2347,D
2348,D
2349,D
2350,D
2351,D
2352,K
2353,D
2354,D
2355,K
2356,K
2357,D
2358,K
2359,D
2360,D
2361,D
2362,D
2363,K
2364,D
2365,D
2366,D
2367,D
2368,D
2369,D
2370,D
2371,K
2372,D
2373,D
2374,D
2375,K
2376,K
2377,D
2378,D
2379,K
2380,K
2381,K
2382,D
2383,D
2384,D
2385,D
2386,K
2387,D
2388,D
2389,K
2390,K
2391,D
2392,D
2393,D
2394,D
2395,D
2396,D
2397,D
2398,D
2399,D
2400,D
2401,K
2402,D
2403,D
2404,D
2405,K
2406,D
2407,D
2408,K
2409,D
2410,D
2411,D
2412,D
2413,K
2414,D
2415,D
2416,D
2417,D
2418,D
2419,K
2420,K
2421,D
2422,D
2423,D
2424,D
2425,K
2426,D
2427,D
2428,D
2429,K
2430,D
2431,D
2432,D
2433,D
2434,D
2435,D
2436,K
2437,K
2438,D
2439,K
2440,D
2441,D
2442,D
2443,D
2444,D
2445,D
2446,D
2447,K
2448,K
2449,D
2450,D
2451,D
2452,D
2453,D
2454,D
2455,D
2456,K
2457,D
2458,K
2459,D
2460,D
2461,D
2462,K
2463,D
2464,K
2465,D
2466,D
2467,K
2468,K
2469,D
2470,D
2471,K
2472,K
2473,D
2474,K
2475,D
2476,D
2477,D
2478,D
2479,D
2480,K
2481,D
2482,D
2483,K
2484,K
2485,K
2486,D
2487,D
2488,D
2489,D
2490,D
2491,D
2492,D
2493,D
2494,D
2495,D
2496,D
2497,K
2498,D
2499,D
2500,D
2501,D
2502,D
2503,D
2504,K
2505,D
2506,K
2507,K
2508,K
2509,D
2510,D
2511,K
2512,D
2513,D
2514,D
2515,D
2516,K
2517,K
2518,D
2519,D
2520,D
2521,K
2522,D
2523,K
2524,K
2525,D
2526,D
2527,D
2528,K
2529,D
2530,D
2531,D
2532,D
2533,D
2534,K
2535,D
2536,D
2537,D
2538,D
2539,D
2540,D
2541,K
2542,K
2543,D
2544,K
2545,D
2546,D
2547,K
2548,D
2549,D
2550,D
2551,D
2552,D
2553,D
2554,D
2555,D
2556,K
2557,D
2558,K
2559,D
2560,K
2561,D
2562,D
2563,D
2564,D
2565,K
2566,D
2567,K
2568,D
2569,K
2570,D
2571,D
2572,K
2573,K
2574,K
2575,D
2576,D
2577,D
2578,D
2579,D
2580,D
2581,D
2582,K
2583,K
2584,D
2585,K
2586,K
2587,D
2588,D
2589,D
2590,D
2591,D
2592,D
2593,D
2594,D
2595,D
2596,D
2597,K
2598,D
2599,K
2600,D
2601,D
2602,D
2603,D
2604,D
2605,D
2606,K
2607,D
2608,D
2609,K
2610,D
2611,D
2612,D
2613,K
2614,D
2615,K
2616,D
2617,D
2618,D
2619,K
2620,K
2621,K
2622,K
2623,K
2624,K
2625,K
2626,D
2627,D
2628,K
2629,D
2630,D
2631,D
2632,D
2633,D
2634,K
2635,K
2636,D
2637,D
2638,D
2639,D
2640,K
2641,D
2642,K
2643,D
2644,D
2645,D
2646,D
2647,D
2648,D
2649,D
2650,D
2651,D
2652,K
2653,K
2654,K
2655,D
2656,D
2657,D
2658,D
2659,D
2660,D
2661,D
2662,K
2663,D
2664,K
2665,D
2666,D
2667,D
2668,D
2669,D
2670,D
2671,D
2672,D
2673,K
2674,D
2675,D
2676,D
2677,D
2678,D
2679,K
2680,K
2681,D
2682,D
2683,K
2684,D
2685,K
2686,D
2687,K
2688,D
2689,D
2690,D
2691,K
2692,K
2693,K
2694,K
2695,D
2696,D
2697,D
2698,D
2699,D
2700,K
2701,D
2702,D
2703,D
2704,K
2705,D
2706,D
2707,K
2708,D
2709,K
2710,D
2711,D
2712,D
2713,D
2714,K
2715,K
2716,K
2717,D
2718,D
2719,K
2720,D
2721,D
2722,D
2723,D
2724,D
2725,D
2726,K
2727,K
2728,D
2729,D
2730,K
2731,K
2732,D
2733,D
2734,K
2735,K
2736,D
2737,D
2738,K
2739,D
2740,D
2741,K
2742,K
2743,D
2744,D
2745,D
2746,D
2747,D
2748,D
2749,D
2750,D
2751,D
2752,K
2753,K
2754,D
2755,D
2756,D
2757,D
2758,K
2759,D
2760,D
2761,D
2762,D
2763,K
2764,K
2765,D
2766,K
2767,D
2768,K
2769,K
2770,D
2771,K
2772,D
2773,D
2774,K
2775,D
2776,K
2777,D
2778,K
2779,D
2780,D
2781,K
2782,D
2783,D
2784,K
2785,D
2786,D
2787,D
2788,K
2789,D
2790,D
2791,K
2792,D
2793,D
2794,K
2795,D
2796,K
2797,K
2798,D
2799,K
2800,K
2801,D
2802,D
2803,K
2804,D
2805,K
2806,D
2807,K
2808,K
2809,D
2810,K
2811,D
2812,K
2813,K
2814,D
2815,D
2816,D
2817,D
2818,D
2819,D
2820,K
2821,D
2822,K
2823,K
2824,K
2825,D
2826,K
2827,D
2828,D
2829,K
2830,K
2831,D
2832,D
2833,K
2834,D
2835,D
2836,D
2837,D
2838,K
2839,D
2840,D
2841,K
2842,D
2843,D
2844,K
2845,D
2846,D
2847,D
2848,D
2849,K
2850,D
2851,D
2852,D
2853,K
2854,K
2855,K
2856,D
2857,D
2858,K
2859,D
2860,K
2861,D
2862,D
2863,D
2864,D
2865,K
2866,D
2867,D
2868,K
2869,D
2870,D
2871,D
2872,K
2873,K
2874,K
2875,D
2876,K
2877,K
2878,K
2879,D
2880,K
2881,D
2882,K
2883,D
2884,D
2885,K
2886,K
2887,K
2888,D
2889,D
2890,D
2891,D
2892,K
2893,D
2894,D
2895,K
2896,D
2897,D
2898,K
2899,K
2900,K
2901,D
2902,D
2903,D
2904,D
2905,D
2906,D
2907,D
2908,K
2909,D
2910,K
2911,D
2912,K
2913,K
2914,D
2915,K
2916,D
2917,D
2918,D
2919,K
2920,D
2921,K
2922,D
2923,D
2924,K
2925,D
2926,D
2927,D
2928,D
2929,D
2930,K
2931,K
2932,D
2933,D
2934,D
2935,K
2936,D
2937,D
2938,K
2939,D
2940,K
2941,K
2942,D
2943,D
2944,D
2945,D
2946,D
2947,D
2948,D
2949,K
2950,K
2951,K
2952,K
2953,D
2954,K
2955,D
2956,D
2957,D
2958,K
2959,D
2960,D
2961,D
2962,D
2963,D
2964,K
2965,D
2966,D
2967,D
2968,D
2969,D
2970,K
2971,D
2972,D
2973,D
2974,D
2975,D
2976,D
2977,D
2978,K
2979,D
2980,D
2981,K
2982,D
2983,K
2984,D
2985,D
2986,K
2987,K
2988,D
2989,K
2990,D
2991,D
2992,D
2993,K
2994,D
2995,D
2996,D
2997,K
2998,K
2999,K
3000,D
3001,K
3002,K
3003,D
3004,D
3005,D
3006,D
3007,D
3008,D
3009,D
3010,D
3011,K
3012,K
3013,D
3014,K
3015,D
3016,D
3017,K
3018,D
3019,D
3020,D
3021,K
3022,K
3023,D
3024,D
3025,K
3026,D
3027,K
3028,D
3029,D
3030,K
3031,D
3032,K
3033,D
3034,K
3035,D
3036,D
3037,D
3038,D
3039,K
3040,D
3041,K
3042,D
3043,K
3044,D
3045,D
3046,D
3047,D
3048,K
3049,D
3050,D
3051,K
3052,K
3053,D
3054,K
3055,D
3056,D
3057,D
3058,K
3059,D
3060,K
3061,K
3062,D
3063,K
3064,K
3065,D
3066,D
3067,D
3068,D
3069,D
3070,D
3071,D
3072,K
3073,K
3074,K
3075,D
3076,D
3077,D
3078,K
3079,D
3080,D
3081,K
3082,D
3083,D
3084,D
3085,D
3086,D
3087,D
3088,K
3089,K
3090,D
3091,D
3092,D
3093,K
3094,D
3095,K
3096,D
3097,K
3098,D
3099,K
3100,K
3101,D
3102,D
3103,D
3104,D
3105,K
3106,D
3107,D
3108,D
3109,D
3110,D
3111,K
3112,D
3113,K
3114,K
3115,D
3116,D
3117,K
3118,K
3119,D
3120,D
3121,D
3122,K
3123,D
3124,D
3125,D
3126,D
3127,D
3128,K
3129,D
3130,K
3131,K
3132,D
3133,D
3134,D
3135,D
3136,K
3137,D
3138,D
3139,D
3140,D
3141,D
3142,D
3143,D
3144,D
3145,K
3146,D
3147,K
3148,D
3149,D
3150,K
3151,D
3152,D
3153,D
3154,D
3155,D
3156,D
3157,D
3158,D
3159,D
3160,D
3161,D
3162,D
3163,D
3164,D
3165,K
3166,K
3167,D
3168,D
3169,D
3170,D
3171,D
3172,D
3173,K
3174,K
3175,K
3176,K
3177,D
3178,D
3179,D
3180,D
3181,K
3182,K
3183,D
3184,D
3185,K
3186,D
3187,D
3188,D
3189,D
3190,D
3191,D
3192,K
3193,K
3194,D
3195,D
3196,D
3197,D
3198,K
3199,D
3200,D
3201,D
3202,D
3203,K
3204,K
3205,D
3206,D
3207,D
3208,D
3209,D
3210,D
3211,D
3212,K
3213,K
3214,D
3215,D
3216,K
3217,D
3218,D
3219,K
3220,D
3221,D
3222,K
3223,D
3224,K
3225,D
3226,D
3227,D
3228,D
3229,D
3230,K
3231,K
3232,K
3233,D
3234,D
3235,D
3236,D
3237,D
3238,D
3239,D
3240,D
3241,D
3242,D
3243,D
3244,K
3245,D
3246,K
3247,K
3248,D
3249,K
3250,D
3251,K
3252,D
3253,D
3254,D
3255,D
3256,K
3257,K
3258,D
3259,D
3260,D
3261,D
3262,D
3263,D
3264,K
3265,K
3266,K
3267,K
3268,K
3269,D
3270,D
3271,D
3272,D
3273,D
3274,K
3275,D
3276,K
3277,K
3278,D
3279,D
3280,D
3281,D
3282,D
3283,D
3284,D
3285,D
3286,D
3287,K
3288,D
3289,D
3290,K
3291,D
3292,K
3293,D
3294,K
3295,D
3296,D
3297,D
3298,D
3299,D
3300,D
3301,D
3302,D
3303,K
3304,K
3305,D
3306,D
3307,D
3308,K
3309,D
3310,K
3311,D
3312,D
3313,D
3314,D
3315,D
3316,D
3317,D
3318,D
3319,D
3320,D
3321,K
3322,D
3323,K
3324,D
3325,D
3326,D
3327,K
3328,D
3329,K
3330,K
3331,K
3332,D
3333,D
3334,D
3335,K
3336,D
3337,D
3338,K
3339,D
3340,K
3341,K
3342,D
3343,K
3344,D
3345,D
3346,D
3347,D
3348,D
3349,D
3350,D
3351,K
3352,D
3353,K
3354,D
3355,K
3356,D
3357,D
3358,K
3359,K
3360,K
3361,D
3362,D
3363,K
3364,D
3365,D
3366,D
3367,D
3368,K
3369,D
3370,D
3371,K
3372,K
3373,D
3374,D
3375,D
3376,D
3377,D
3378,D
3379,D
3380,D
3381,D
3382,D
3383,D
3384,D
3385,D
3386,D
3387,D
3388,K
3389,D
3390,K
3391,D
3392,K
3393,D
3394,D
3395,D
3396,K
3397,D
3398,D
3399,K
3400,D
3401,D
3402,D
3403,D
3404,D
3405,D
3406,D
3407,D
3408,D
3409,D
3410,D
3411,D
3412,K
3413,D
3414,K
3415,D
3416,D
3417,D
3418,D
3419,D
3420,D
3421,D
3422,D
3423,D
3424,D
3425,D
3426,K
3427,K
3428,D
3429,K
3430,D
3431,D
3432,D
3433,D
3434,D
3435,D
3436,D
3437,K
3438,K
3439,K
3440,D
3441,D
3442,D
3443,D
3444,K
3445,D
3446,D
3447,D
3448,D
3449,K
3450,D
3451,D
3452,D
3453,D
3454,D
3455,K
3456,D
3457,K
3458,D
3459,D
3460,D
3461,K
3462,K
3463,D
3464,K
3465,K
3466,D
3467,K
3468,K
3469,D
3470,D
3471,D
3472,D
3473,D
3474,D
3475,D
3476,K
3477,K
3478,K
3479,D
3480,K
3481,D
3482,D
3483,K
3484,D
3485,K
3486,K
3487,K
3488,K
3489,D
3490,D
3491,K
3492,D
3493,D
3494,K
3495,D
3496,D
3497,D
3498,D
3499,D
3500,D
3501,D
3502,D
3503,D
3504,D
3505,D
3506,D
3507,D
3508,D
3509,D
3510,K
3511,K
3512,D
3513,D
3514,K
3515,D
3516,K
3517,D
3518,D
3519,D
3520,D
3521,K
3522,K
3523,K
3524,D
3525,K
3526,D
3527,K
3528,D
3529,D
3530,D
3531,D
3532,D
3533,D
3534,D
3535,D
3536,D
3537,D
3538,K
3539,K
3540,K
3541,D
3542,D
3543,D
3544,K
3545,D
3546,D
3547,D
3548,D
3549,D
3550,D
3551,D
3552,D
3553,D
3554,D
3555,K
3556,D
3557,K
3558,D
3559,D
3560,D
3561,D
3562,D
3563,D
3564,D
3565,D
3566,D
3567,D
3568,D
3569,D
3570,D
3571,K
3572,D
3573,D
3574,D
3575,D
3576,D
3577,D
3578,D
3579,K
3580,D
3581,K
3582,D
3583,D
3584,D
3585,K
3586,D
3587,D
3588,D
3589,D
3590,D
3591,D
3592,K
3593,D
3594,K
3595,K
3596,D
3597,K
3598,K
3599,D
3600,D
3601,D
3602,D
3603,K
3604,D
3605,D
3606,D
3607,D
3608,D
3609,K
3610,K
3611,D
3612,D
3613,K
3614,D
3615,D
3616,K
3617,D
3618,K
3619,K
3620,D
3621,D
3622,K
3623,D
3624,K
3625,K
3626,D
3627,D
3628,K
3629,D
3630,K
3631,D
3632,K
3633,D
3634,D
3635,D
3636,K
3637,D
3638,D
3639,K
3640,D
3641,K
3642,D
3643,D
3644,K
3645,D
3646,K
3647,D
3648,D
3649,D
3650,K
3651,D
3652,K
3653,D
3654,D
3655,D
3656,D
3657,D
3658,D
3659,D
3660,D
3661,D
3662,D
3663,D
3664,D
3665,D
3666,K
3667,D
3668,D
3669,K
3670,D
3671,D
3672,D
3673,K
3674,D
3675,K
3676,D
3677,D
3678,D
3679,K
3680,D
3681,K
3682,D
3683,K
3684,D
3685,D
3686,D
3687,D
3688,D
3689,D
3690,D
3691,K
3692,D
3693,K
3694,D
3695,D
3696,D
3697,D
3698,D
3699,D
3700,D
3701,D
3702,D
3703,D
3704,D
3705,D
3706,D
3707,D
3708,D
3709,D
3710,K
3711,K
3712,D
3713,D
3714,K
3715,D
3716,D
3717,D
3718,K
3719,D
3720,D
3721,D
3722,D
3723,D
3724,K
3725,D
3726,D
3727,K
3728,D
3729,D
3730,D
3731,K
3732,K
3733,D
3734,K
3735,K
3736,D
3737,D
3738,D
3739,K
3740,K
3741,D
3742,D
3743,K
3744,D
3745,D
3746,K
3747,D
3748,D
3749,K
3750,D
3751,K
3752,D
3753,K
3754,D
3755,D
3756,D
3757,K
3758,D
3759,D
3760,K
3761,D
3762,K
3763,D
3764,K
3765,K
3766,K
3767,K
3768,D
3769,D
3770,D
3771,D
3772,D
3773,D
3774,D
3775,D
3776,D
3777,D
3778,D
3779,D
3780,D
3781,D
3782,D
3783,D
3784,D
3785,D
3786,K
3787,D
3788,D
3789,K
3790,D
3791,D
3792,K
3793,K
3794,K
3795,K
3796,D
3797,D
3798,D
3799,D
3800,D
3801,K
3802,K
3803,D
3804,D
3805,D
3806,D
3807,D
3808,D
3809,D
3810,K
3811,D
3812,D
3813,D
3814,D
3815,K
3816,D
3817,D
3818,D
3819,D
3820,K
3821,D
3822,K
3823,D
3824,D
3825,K
3826,K
3827,K
3828,D
3829,K
3830,D
3831,D
3832,D
3833,K
3834,D
3835,D
3836,D
3837,K
3838,K
3839,D
3840,K
3841,D
3842,D
3843,D
3844,K
3845,D
3846,D
3847,D
3848,D
3849,D
3850,D
3851,D
3852,D
3853,K
3854,D
3855,K
3856,D
3857,D
3858,K
3859,K
3860,D
3861,K
3862,K
3863,D
3864,K
3865,D
3866,K
3867,D
3868,D
3869,K
3870,D
3871,D
3872,K
3873,D
3874,K
3875,D
3876,D
3877,D
3878,D
3879,D
3880,K
3881,D
3882,D
3883,D
3884,D
3885,D
3886,D
3887,D
3888,D
3889,K
3890,K
3891,D
3892,D
3893,D
3894,D
3895,D
3896,K
3897,D
3898,D
3899,D
3900,K
3901,D
3902,D
3903,D
3904,K
3905,K
3906,D
3907,K
3908,K
3909,D
3910,D
3911,K
3912,D
3913,D
3914,D
3915,K
3916,K
3917,D
3918,D
3919,D
3920,D
3921,D
3922,D
3923,D
3924,D
3925,K
3926,D
3927,K
3928,D
3929,D
3930,D
3931,D
3932,K
3933,K
3934,D
3935,K
3936,D
3937,D
3938,D
3939,D
3940,D
3941,D
3942,D
3943,D
3944,D
3945,K
3946,K
3947,D
3948,K
3949,D
3950,K
3951,D
3952,D
3953,K
3954,D
3955,D
3956,D
3957,D
3958,D
3959,D
3960,D
3961,D
3962,D
3963,D
3964,D
3965,D
3966,D
3967,D
3968,K
3969,D
3970,D
3971,K
3972,D
3973,K
3974,D
3975,D
3976,K
3977,D
3978,K
3979,D
3980,K
3981,D
3982,D
3983,D
3984,D
3985,D
3986,D
3987,K
3988,D
3989,K
3990,D
3991,D
3992,K
3993,D
3994,D
3995,D
3996,K
3997,D
3998,K
3999,D
4000,D
4001,D
4002,D
4003,D
4004,D
4005,D
4006,K
4007,D
4008,K
4009,D
4010,D
4011,D
4012,D
4013,D
4014,D
4015,K
4016,D
4017,D
4018,D
4019,D
4020,K
4021,K
4022,D
4023,K
4024,D
4025,D
4026,K
4027,D
4028,K
4029,D
4030,K
4031,D
4032,K
4033,K
4034,D
4035,D
4036,D
4037,K
4038,D
4039,K
4040,D
4041,K
4042,K
4043,K
4044,K
4045,K
4046,D
4047,K
4048,D
4049,D
4050,K
4051,K
4052,D
4053,D
4054,D
4055,D
4056,D
4057,D
4058,D
4059,D
4060,D
4061,D
4062,K
4063,D
4064,D
4065,K
4066,D
4067,K
4068,D
4069,K
4070,K
4071,D
4072,K
4073,K
4074,D
4075,D
4076,D
4077,D
4078,D
4079,D
4080,D
4081,D
4082,D
4083,D
4084,D
4085,D
4086,D
4087,D
4088,K
4089,D
4090,D
4091,D
4092,D
4093,D
4094,D
4095,K
4096,D
4097,K
4098,D
4099,K
4100,D
4101,D
4102,D
4103,D
4104,D
4105,D
4106,D
4107,K
4108,D
4109,D
4110,D
4111,D
4112,D
4113,D
4114,D
4115,D
4116,D
4117,D
4118,K
4119,D
4120,D
4121,D
4122,D
4123,D
4124,D
4125,D
4126,K
4127,D
4128,D
4129,K
4130,D
4131,D
4132,K
4133,K
4134,D
4135,D
4136,K
4137,K
4138,D
4139,K
4140,K
4141,D
4142,D
4143,D
4144,D
4145,D
4146,D
4147,K
4148,D
4149,D
4150,K
4151,D
4152,K
4153,D
4154,D
4155,D
4156,D
4157,D
4158,K
4159,K
4160,D
4161,D
4162,D
4163,D
4164,D
4165,D
4166,D
4167,D
4168,D
4169,K
4170,D
4171,D
4172,D
4173,K
4174,D
4175,D
4176,K
4177,K
4178,K
4179,K
4180,D
4181,D
4182,D
4183,D
4184,K
4185,K
4186,D
4187,D
4188,D
4189,K
4190,D
4191,D
4192,D
4193,K
4194,D
4195,K
4196,D
4197,D
4198,D
4199,D
4200,D
4201,D
4202,D
4203,D
4204,D
4205,D
4206,D
4207,D
4208,D
4209,D
4210,K
4211,D
4212,D
4213,D
4214,D
4215,D
4216,K
4217,D
4218,K
4219,D
4220,D
4221,D
4222,K
4223,K
4224,D
4225,D
4226,D
4227,D
4228,D
4229,D
4230,K
4231,D
4232,D
4233,D
4234,K
4235,K
4236,K
4237,K
4238,D
4239,K
4240,D
4241,D
4242,D
4243,K
4244,D
4245,D
4246,K
4247,D
4248,D
4249,D
4250,D
4251,D
4252,D
4253,D
4254,D
4255,D
4256,D
4257,K
4258,D
4259,D
4260,D
4261,D
4262,K
4263,D
4264,D
4265,D
4266,D
4267,D
4268,D
4269,D
4270,D
4271,D
4272,D
4273,D
4274,K
4275,D
4276,K
4277,D
4278,D
4279,D
4280,D
4281,D
4282,D
4283,D
4284,D
4285,K
4286,K
4287,D
4288,K
4289,D
4290,D
4291,D
4292,D
4293,D
4294,D
4295,K
4296,K
4297,D
4298,D
4299,K
4300,K
4301,D
4302,K
4303,K
4304,D
4305,D
4306,D
4307,K
4308,K
4309,D
4310,D
4311,K
4312,D
4313,D
4314,D
4315,K
4316,D
4317,K
4318,D
4319,K
4320,D
4321,D
4322,K
4323,D
4324,D
4325,D
4326,D
4327,D
4328,D
4329,K
4330,D
4331,K
4332,D
4333,D
4334,D
4335,D
4336,D
4337,D
4338,K
4339,D
4340,D
4341,K
4342,D
4343,K
4344,D
4345,D
4346,D
4347,D
4348,D
4349,K
4350,D
4351,K
4352,D
4353,D
4354,D
4355,K
4356,D
4357,D
4358,D
4359,D
4360,D
4361,D
4362,D
4363,D
4364,D
4365,D
4366,K
4367,K
4368,D
4369,D
4370,D
4371,D
4372,D
4373,K
4374,K
4375,K
4376,D
4377,K
4378,D
4379,K
4380,D
4381,K
4382,D
4383,D
4384,K
4385,D
4386,D
4387,D
4388,K
4389,K
4390,D
4391,K
4392,D
4393,D
4394,K
4395,D
4396,D
4397,K
4398,D
4399,K
4400,D
4401,D
4402,D
4403,K
4404,D
4405,K
4406,K
4407,D
4408,D
4409,K
4410,D
4411,D
4412,D
4413,K
4414,K
4415,D
4416,D
4417,D
4418,D
4419,D
4420,D
4421,D
4422,D
4423,D
4424,D
4425,D
4426,D
4427,D
4428,K
4429,D
4430,K
4431,K
4432,K
4433,K
4434,K
4435,K
4436,D
4437,D
4438,D
4439,K
4440,K
4441,D
4442,D
4443,D
4444,K
4445,D
4446,D
4447,D
4448,D
4449,K
4450,K
4451,K
4452,D
4453,D
4454,D
4455,K
4456,D
4457,D
4458,D
4459,K
4460,D
4461,D
4462,D
4463,D
4464,D
4465,D
4466,D
4467,D
4468,D
4469,K
4470,D
4471,D
4472,D
4473,D
4474,K
4475,K
4476,D
4477,D
4478,D
4479,K
4480,D
4481,D
4482,K
4483,D
4484,D
4485,D
4486,K
4487,D
4488,D
4489,K
4490,K
4491,K
4492,D
4493,D
4494,D
4495,D
4496,D
4497,K
4498,D
4499,D
4500,K
4501,D
4502,K
4503,D
4504,K
4505,D
4506,D
4507,D
4508,D
4509,K
4510,K
4511,D
4512,D
4513,D
4514,D
4515,D
4516,K
4517,K
4518,D
4519,K
4520,D
4521,K
4522,D
4523,D
4524,D
4525,D
4526,D
4527,D
4528,D
4529,D
4530,D
4531,D
4532,D
4533,K
4534,D
4535,D
4536,D
4537,K
4538,K
4539,D
4540,D
4541,D
4542,K
4543,K
4544,D
4545,D
4546,D
4547,D
4548,K
4549,D
4550,D
4551,D
4552,K
4553,K
4554,K
4555,D
4556,K
4557,K
4558,K
4559,D
4560,D
4561,K
4562,D
4563,K
4564,D
4565,D
4566,D
4567,D
4568,D
4569,D
4570,K
4571,D
4572,D
4573,D
4574,D
4575,D
4576,D
4577,D
4578,D
4579,K
4580,D
4581,D
4582,D
4583,D
4584,D
4585,D
4586,D
4587,K
4588,D
4589,K
4590,K
4591,D
4592,D
4593,K
4594,K
4595,D
4596,D
4597,D
4598,D
4599,D
4600,D
4601,D
4602,K
4603,D
4604,D
4605,K
4606,D
4607,D
4608,K
4609,D
4610,K
4611,D
4612,D
4613,K
4614,D
4615,K
4616,K
4617,D
4618,D
4619,K
4620,D
4621,D
4622,D
4623,D
4624,D
4625,D
4626,K
4627,D
4628,K
4629,D
4630,D
4631,D
4632,D
4633,K
4634,D
4635,K
4636,D
4637,K
4638,D
4639,D
4640,K
4641,K
4642,D
4643,K
4644,D
4645,K
4646,D
4647,D
4648,K
4649,K
4650,D
4651,D
4652,K
4653,K
4654,K
4655,D
4656,D
4657,K
4658,D
4659,D
4660,K
4661,D
4662,D
4663,D
4664,D
4665,D
4666,D
4667,D
4668,D
4669,D
4670,D
4671,D
4672,D
4673,D
4674,D
4675,D
4676,D
4677,D
4678,D
4679,D
4680,D
4681,K
4682,D
4683,K
4684,D
4685,K
4686,K
4687,K
4688,D
4689,D
4690,K
4691,K
4692,D
4693,D
4694,D
4695,D
4696,K
4697,K
4698,D
4699,D
4700,D
4701,D
4702,D
4703,K
4704,D
4705,D
4706,D
4707,K
4708,D
4709,D
4710,D
4711,D
4712,D
4713,D
4714,D
4715,D
4716,K
4717,D
4718,D
4719,D
4720,D
4721,K
4722,D
4723,K
4724,K
4725,D
4726,D
4727,D
4728,D
4729,D
4730,D
4731,D
4732,K
4733,K
4734,D
4735,D
4736,D
4737,D
4738,K
4739,D
4740,D
4741,D
4742,K
4743,K
4744,K
4745,D
4746,D
4747,D
4748,D
4749,K
4750,D
4751,D
4752,D
4753,K
4754,K
4755,K
4756,D
4757,D
4758,K
4759,D
4760,D
4761,D
4762,K
4763,K
4764,D
4765,K
4766,D
4767,K
4768,D
4769,D
4770,D
4771,D
4772,D
4773,D
4774,D
4775,D
4776,K
4777,D
4778,K
4779,D
4780,D
4781,D
4782,D
4783,K
4784,K
4785,K
4786,D
4787,D
4788,D
4789,D
4790,D
4791,D
4792,D
4793,D
4794,D
4795,D
4796,D
4797,D
4798,D
4799,D
4800,D
4801,D
4802,K
4803,D
4804,D
4805,K
4806,K
4807,D
4808,D
4809,D
4810,D
4811,K
4812,D
4813,D
4814,D
4815,D
4816,D
4817,D
4818,D
4819,K
4820,K
4821,D
4822,D
4823,D
4824,D
4825,K
4826,K
4827,K
4828,D
4829,D
4830,K
4831,D
4832,D
4833,D
4834,D
4835,D
4836,D
4837,K
4838,D
4839,K
4840,K
4841,K
4842,K
4843,D
4844,K
4845,D
4846,D
4847,D
4848,D
4849,D
4850,D
4851,D
4852,K
4853,D
4854,D
4855,D
4856,D
4857,D
4858,D
4859,D
4860,D
4861,D
4862,K
4863,K
4864,D
4865,D
4866,D
4867,D
4868,K
4869,D
4870,D
4871,D
4872,D
4873,K
4874,D
4875,D
4876,K
4877,K
4878,D
4879,K
4880,D
4881,D
4882,D
4883,D
4884,D
4885,D
4886,K
4887,D
4888,K
4889,K
4890,D
4891,D
4892,D
4893,D
4894,D
4895,D
4896,D
4897,K
4898,D
4899,D
4900,D
4901,D
4902,D
4903,D
4904,D
4905,K
4906,D
4907,D
4908,D
4909,D
4910,D
4911,K
4912,K
4913,D
4914,D
4915,D
4916,D
4917,D
4918,D
4919,K
4920,K
4921,K
4922,D
4923,K
4924,K
4925,D
4926,D
4927,K
4928,D
4929,D
4930,K
4931,D
4932,K
4933,D
4934,K
4935,D
4936,D
4937,D
4938,K
4939,D
4940,K
4941,D
4942,D
4943,D
4944,K
4945,D
4946,K
4947,D
4948,K
4949,D
4950,K
4951,K
4952,K
4953,D
4954,D
4955,D
4956,K
4957,K
4958,D
4959,K
4960,D
4961,D
4962,D
4963,D
4964,D
4965,D
4966,D
4967,D
4968,D
4969,D
4970,K
4971,D
4972,K
4973,K
4974,K
4975,D
4976,D
4977,D
4978,D
4979,D
4980,D
4981,K
4982,D
4983,D
4984,D
4985,K
4986,K
4987,D
4988,D
4989,D
4990,D
4991,D
4992,D
4993,D
4994,D
4995,K
4996,K
4997,K
4998,D
4999,D
5000,K
5001,D
5002,D
5003,K
5004,D
5005,D
5006,D
5007,D
5008,D
5009,D
5010,D
5011,D
5012,D
5013,K
5014,D
5015,D
5016,D
5017,D
5018,D
5019,D
5020,K
5021,D
5022,D
5023,D
5024,D
5025,D
5026,D
5027,D
5028,K
5029,D
5030,K
5031,K
5032,D
5033,K
5034,D
5035,D
5036,D
5037,K
5038,D
5039,D
5040,K
5041,D
5042,D
5043,K
5044,D
5045,K
5046,K
5047,K
5048,D
5049,D
5050,D
5051,K
5052,D
5053,D
5054,D
5055,K
5056,K
5057,D
5058,D
5059,D
5060,D
5061,K
5062,K
5063,K
5064,D
5065,K
5066,K
5067,D
5068,D
5069,D
5070,D
5071,D
5072,D
5073,K
5074,D
5075,D
5076,D
5077,D
5078,D
5079,D
5080,D
5081,D
5082,D
5083,K
5084,D
5085,D
5086,K
5087,D
5088,D
5089,D
5090,D
5091,D
5092,K
5093,D
5094,K
5095,D
5096,D
5097,D
5098,K
5099,D
5100,K
5101,D
5102,K
5103,K
5104,D
5105,K
5106,K
5107,D
5108,D
5109,D
5110,K
5111,D
5112,D
5113,K
5114,K
5115,K
5116,K
5117,D
5118,K
5119,K
5120,D
5121,D
5122,D
5123,D
5124,K
5125,D
5126,K
5127,D
5128,D
5129,D
5130,K
5131,D
5132,K
5133,D
5134,D
5135,K
5136,D
5137,K
5138,D
5139,D
5140,D
5141,K
5142,D
5143,D
5144,D
5145,K
5146,D
5147,D
5148,D
5149,D
5150,D
5151,D
5152,D
5153,K
5154,D
5155,D
5156,D
5157,D
5158,D
5159,D
5160,D
5161,D
5162,D
5163,K
5164,K
5165,D
5166,D
5167,K
5168,K
5169,D
5170,D
5171,K
5172,D
5173,K
5174,D
5175,K
5176,D
5177,D
5178,D
5179,D
5180,D
5181,D
5182,K
5183,D
5184,K
5185,K
5186,D
5187,K
5188,K
5189,D
5190,D
5191,K
5192,D
5193,D
5194,D
5195,K
5196,D
5197,D
5198,D
5199,K
5200,K
5201,D
5202,D
5203,K
5204,D
5205,D
5206,D
5207,D
5208,K
5209,D
5210,D
5211,D
5212,D
5213,D
5214,D
5215,K
5216,D
5217,D
5218,D
5219,D
5220,K
5221,K
5222,D
5223,D
5224,D
5225,D
5226,D
5227,K
5228,K
5229,D
5230,K
5231,D
5232,D
5233,D
5234,D
5235,K
5236,D
5237,D
5238,D
5239,D
5240,K
5241,D
5242,D
5243,D
5244,D
5245,D
5246,K
5247,D
5248,K
5249,D
5250,D
5251,D
5252,D
5253,D
5254,K
5255,D
5256,D
5257,K
5258,D
5259,D
5260,D
5261,D
5262,D
5263,D
5264,K
5265,D
5266,K
5267,D
5268,D
5269,D
5270,D
5271,K
5272,K
5273,K
5274,D
5275,D
5276,D
5277,D
5278,K
5279,K
5280,D
5281,D
5282,K
5283,D
5284,K
5285,K
5286,K
5287,D
5288,D
5289,D
5290,D
5291,D
5292,K
5293,D
5294,D
5295,D
5296,D
5297,D
5298,D
5299,D
5300,D
5301,D
5302,D
5303,D
5304,D
5305,D
5306,D
5307,K
5308,K
5309,K
5310,D
5311,D
5312,K
5313,D
5314,K
5315,D
5316,D
5317,K
5318,D
5319,D
5320,K
5321,D
5322,K
5323,K
5324,K
5325,D
5326,D
5327,D
5328,D
5329,D
5330,K
5331,D
5332,D
5333,D
5334,D
5335,K
5336,K
5337,D
5338,D
5339,K
5340,K
5341,D
5342,D
5343,D
5344,K
5345,K
5346,D
5347,D
5348,D
5349,D
5350,K
5351,D
5352,D
5353,D
5354,D
5355,D
5356,D
5357,K
5358,K
5359,D
5360,K
5361,D
5362,D
5363,K
5364,D
5365,K
5366,D
5367,D
5368,D
5369,D
5370,D
5371,D
5372,D
5373,D
5374,D
5375,K
5376,K
5377,K
5378,K
5379,D
5380,K
5381,D
5382,D
5383,D
5384,K
5385,D
5386,D
5387,D
5388,D
5389,D
5390,K
5391,D
5392,K
5393,K
5394,D
5395,D
5396,D
5397,D
5398,K
5399,D
5400,K
5401,D
5402,K
5403,D
5404,D
5405,D
5406,K
5407,K
5408,K
5409,D
5410,D
5411,K
5412,D
5413,D
5414,K
5415,K
5416,D
5417,K
5418,D
5419,K
5420,D
5421,D
5422,D
5423,D
5424,K
5425,D
5426,K
5427,D
5428,D
5429,D
5430,D
5431,D
5432,D
5433,D
5434,K
5435,K
5436,D
5437,D
5438,D
5439,K
5440,D
5441,D
5442,K
5443,D
5444,D
5445,K
5446,D
5447,K
5448,D
5449,K
5450,K
5451,D
5452,K
5453,D
5454,D
5455,D
5456,D
5457,D
5458,K
5459,D
5460,K
5461,K
5462,D
5463,K
5464,D
5465,K
5466,D
5467,K
5468,K
5469,K
5470,D
5471,D
5472,K
5473,K
5474,D
5475,D
5476,D
5477,D
5478,K
5479,D
5480,K
5481,K
5482,K
5483,K
5484,D
5485,D
5486,D
5487,D
5488,D
5489,D
5490,K
5491,D
5492,K
5493,K
5494,D
5495,D
5496,K
5497,D
5498,D
5499,K
5500,D
5501,D
5502,K
5503,K
5504,D
5505,D
5506,D
5507,D
5508,D
5509,D
5510,D
5511,D
5512,D
5513,D
5514,K
5515,D
5516,K
5517,D
5518,D
5519,D
5520,K
5521,D
5522,D
5523,D
5524,K
5525,D
5526,D
5527,D
5528,K
5529,D
5530,D
5531,K
5532,D
5533,D
5534,D
5535,K
5536,D
5537,D
5538,D
5539,K
5540,D
5541,K
5542,D
5543,D
5544,D
5545,D
5546,D
5547,K
5548,D
5549,D
5550,K
5551,D
5552,D
5553,D
5554,D
5555,D
5556,D
5557,K
5558,D
5559,D
5560,D
5561,D
5562,D
5563,K
5564,D
5565,D
5566,D
5567,K
5568,D
5569,K
5570,D
5571,D
5572,K
5573,K
5574,K
5575,K
5576,K
5577,D
5578,K
5579,D
5580,K
5581,D
5582,D
5583,D
5584,D
5585,K
5586,K
5587,D
5588,D
5589,K
5590,K
5591,K
5592,D
5593,K
5594,K
5595,K
5596,D
5597,D
5598,D
5599,K
5600,D
5601,D
5602,D
5603,D
5604,D
5605,D
5606,D
5607,D
5608,D
5609,D
5610,K
5611,D
5612,D
5613,K
5614,D
5615,D
5616,D
5617,K
5618,D
5619,D
5620,D
5621,K
5622,D
5623,D
5624,K
5625,D
5626,D
5627,D
5628,D
5629,D
5630,D
5631,D
5632,D
5633,D
5634,D
5635,D
5636,D
5637,K
5638,D
5639,D
5640,D
5641,D
5642,D
5643,K
5644,D
5645,D
5646,K
5647,D
5648,D
5649,D
5650,D
5651,K
5652,K
5653,D
5654,D
5655,D
5656,D
5657,D
5658,K
5659,D
5660,D
5661,D
5662,D
5663,D
5664,D
5665,K
5666,D
5667,K
5668,D
5669,K
5670,D
5671,K
5672,D
5673,K
5674,D
5675,D
5676,D
5677,D
5678,K
5679,K
5680,D
5681,D
5682,K
5683,K
5684,D
5685,D
5686,D
5687,D
5688,D
5689,D
5690,K
5691,D
5692,D
5693,K
5694,D
5695,D
5696,D
5697,K
5698,K
5699,K
5700,D
5701,D
5702,D
5703,D
5704,D
5705,D
5706,D
5707,K
5708,K
5709,D
5710,K
5711,D
5712,K
5713,K
5714,D
5715,D
5716,K
5717,K
5718,D
5719,K
5720,D
5721,D
5722,D
5723,D
5724,D
5725,D
5726,D
5727,D
5728,D
5729,D
5730,K
5731,D
5732,D
5733,D
5734,D
5735,K
5736,D
5737,D
5738,D
5739,D
5740,D
5741,K
5742,D
5743,D
5744,D
5745,D
5746,D
5747,D
5748,D
5749,D
5750,D
5751,D
5752,D
5753,K
5754,D
5755,D
5756,D
5757,K
5758,K
5759,D
5760,D
5761,D
5762,D
5763,K
5764,K
5765,D
5766,K
5767,D
5768,D
5769,D
5770,D
5771,D
5772,D
5773,D
5774,D
5775,D
5776,D
5777,D
5778,D
5779,D
5780,D
5781,D
5782,K
5783,D
5784,K
5785,D
5786,D
5787,D
5788,D
5789,K
5790,D
5791,D
5792,K
5793,K
5794,D
5795,K
5796,D
5797,K
5798,D
5799,D
5800,D
5801,K
5802,D
5803,D
5804,D
5805,D
5806,D
5807,D
5808,D
5809,D
5810,K
5811,D
5812,D
5813,D
5814,D
5815,D
5816,D
5817,D
5818,D
5819,D
5820,D
5821,D
5822,K
5823,D
5824,K
5825,K
5826,K
5827,K
5828,K
5829,K
5830,K
5831,K
5832,D
5833,K
5834,K
5835,K
5836,D
5837,K
5838,K
5839,D
5840,K
5841,D
5842,K
5843,D
5844,D
5845,K
5846,D
5847,K
5848,K
5849,D
5850,K
5851,D
5852,K
5853,D
5854,D
5855,D
5856,D
5857,D
5858,D
5859,D
5860,D
5861,K
5862,D
5863,D
5864,K
5865,D
5866,D
5867,D
5868,D
5869,D
5870,D
5871,K
5872,D
5873,D
5874,K
5875,D
5876,K
5877,K
5878,K
5879,K
5880,D
5881,K
5882,D
5883,D
5884,D
5885,K
5886,D
5887,D
5888,K
5889,K
5890,D
5891,D
5892,D
5893,K
5894,D
5895,D
5896,D
5897,D
5898,D
5899,D
5900,D
5901,K
5902,D
5903,K
5904,D
5905,K
5906,K
5907,D
5908,D
5909,K
5910,D
5911,D
5912,D
5913,D
5914,D
5915,K
5916,D
5917,D
5918,D
5919,K
5920,D
5921,K
5922,D
5923,D
5924,D
5925,D
5926,D
5927,K
5928,K
5929,D
5930,D
5931,D
5932,K
5933,D
5934,D
5935,K
5936,D
5937,D
5938,K
5939,D
5940,D
5941,K
5942,D
5943,D
5944,D
5945,D
5946,D
5947,D
5948,K
5949,D
5950,D
5951,D
5952,D
5953,D
5954,K
5955,K
5956,D
5957,D
5958,D
5959,D
5960,D
5961,D
5962,K
5963,K
5964,D
5965,D
5966,D
5967,D
5968,K
5969,K
5970,K
5971,D
5972,K
5973,D
5974,D
5975,D
5976,K
5977,K
5978,D
5979,K
5980,D
5981,D
5982,D
5983,D
5984,K
5985,D
5986,K
5987,D
5988,K
5989,K
5990,D
5991,D
5992,D
5993,D
5994,K
5995,D
5996,D
5997,K
5998,D
5999,K
6000,D
6001,D
6002,D
6003,D
6004,D
6005,D
6006,D
6007,D
6008,D
6009,D
6010,K
6011,D
6012,K
6013,D
6014,D
6015,D
6016,K
6017,K
6018,D
6019,K
6020,D
6021,K
6022,D
6023,D
6024,D
6025,K
6026,K
6027,D
6028,D
6029,K
6030,D
6031,K
6032,D
6033,D
6034,K
6035,D
6036,K
6037,D
6038,D
6039,D
6040,K
6041,D
6042,D
6043,D
6044,K
6045,D
6046,K
6047,D
6048,D
6049,D
6050,D
6051,K
6052,D
6053,D
6054,D
6055,D
6056,K
6057,D
6058,D
6059,K
6060,D
6061,D
6062,D
6063,D
6064,K
6065,K
6066,K
6067,D
6068,D
6069,D
6070,D
6071,D
6072,K
6073,D
6074,D
6075,D
6076,K
6077,D
6078,D
6079,D
6080,D
6081,D
6082,K
6083,D
6084,D
6085,D
6086,D
6087,K
6088,D
6089,D
6090,D
6091,D
6092,D
6093,K
6094,D
6095,D
6096,K
6097,K
6098,K
6099,K
6100,K
6101,D
6102,D
6103,K
6104,D
6105,D
6106,D
6107,D
6108,K
6109,D
6110,K
6111,K
6112,D
6113,D
6114,D
6115,D
6116,D
6117,D
6118,D
6119,D
6120,K
6121,D
6122,K
6123,K
6124,D
6125,K
6126,K
6127,D
6128,K
6129,K
6130,D
6131,D
6132,D
6133,D
6134,D
6135,D
6136,D
6137,D
6138,D
6139,D
6140,D
6141,D
6142,D
6143,D
6144,K
6145,D
6146,D
6147,K
6148,D
6149,D
6150,K
6151,D
6152,D
6153,D
6154,D
6155,D
6156,K
6157,K
6158,K
6159,D
6160,D
6161,K
6162,D
6163,D
6164,K
6165,D
6166,D
6167,D
6168,D
6169,K
6170,D
6171,K
6172,D
6173,D
6174,D
6175,D
6176,K
6177,D
6178,D
6179,D
6180,K
6181,D
6182,K
6183,D
6184,K
6185,K
6186,D
6187,K
6188,D
6189,D
6190,K
6191,D
6192,D
6193,K
6194,K
6195,D
6196,D
6197,D
6198,D
6199,D
6200,D
6201,D
6202,D
6203,D
6204,K
6205,D
6206,D
6207,K
6208,K
6209,D
6210,K
6211,D
6212,D
6213,K
6214,D
6215,K
6216,D
6217,D
6218,D
6219,D
6220,D
6221,D
6222,K
6223,D
6224,K
6225,K
6226,D
6227,K
6228,D
6229,D
6230,D
6231,D
6232,K
6233,D
6234,K
6235,K
6236,D
6237,D
6238,D
6239,K
6240,D
6241,D
6242,D
6243,D
6244,D
6245,D
6246,D
6247,D
6248,D
6249,K
6250,K
6251,D
6252,D
6253,D
6254,K
6255,K
6256,K
6257,K
6258,D
6259,D
6260,D
6261,K
6262,D
6263,D
6264,D
6265,D
6266,D
6267,K
6268,D
6269,K
6270,D
6271,K
6272,D
6273,K
6274,D
6275,D
6276,D
6277,D
6278,K
6279,D
6280,K
6281,D
6282,D
6283,D
6284,D
6285,D
6286,D
6287,D
6288,D
6289,D
6290,D
6291,D
6292,K
6293,D
6294,D
6295,D
6296,D
6297,D
6298,D
6299,D
6300,D
6301,D
6302,D
6303,K
6304,K
6305,D
6306,D
6307,D
6308,K
6309,K
6310,K
6311,D
6312,K
6313,D
6314,D
6315,K
6316,D
6317,D
6318,D
6319,K
6320,D
6321,K
6322,D
6323,K
6324,D
6325,D
6326,D
6327,D
6328,K
6329,D
6330,D
6331,D
6332,D
6333,D
6334,D
6335,D
6336,K
6337,D
6338,D
6339,D
6340,K
6341,D
6342,K
6343,D
6344,D
6345,D
6346,K
6347,D
6348,D
6349,K
6350,K
6351,D
6352,D
6353,D
6354,D
6355,K
6356,D
6357,K
6358,D
6359,D
6360,D
6361,K
6362,D
6363,D
6364,D
6365,K
6366,D
6367,K
6368,D
6369,D
6370,K
6371,D
6372,D
6373,D
6374,K
6375,K
6376,D
6377,D
6378,K
6379,D
6380,K
6381,D
6382,K
6383,K
6384,D
6385,D
6386,D
6387,D
6388,K
6389,K
6390,K
6391,K
6392,D
6393,D
6394,D
6395,K
6396,K
6397,D
6398,D
6399,D
6400,D
6401,D
6402,D
6403,D
6404,D
6405,K
6406,D
6407,D
6408,D
6409,K
6410,D
6411,D
6412,D
6413,K
6414,D
6415,K
6416,K
6417,D
6418,K
6419,D
6420,K
6421,D
6422,D
6423,D
6424,D
6425,K
6426,D
6427,D
6428,D
6429,D
6430,D
6431,K
6432,D
6433,D
6434,D
6435,D
6436,D
6437,K
6438,K
6439,D
6440,D
6441,D
6442,D
6443,D
6444,D
6445,D
6446,D
6447,D
6448,K
6449,D
6450,D
6451,D
6452,D
6453,D
6454,D
6455,D
6456,K
6457,D
6458,D
6459,D
6460,K
6461,D
6462,D
6463,K
6464,K
6465,K
6466,D
6467,K
6468,D
6469,D
6470,D
6471,D
6472,K
6473,K
6474,K
6475,D
6476,K
6477,K
6478,D
6479,K
6480,D
6481,D
6482,D
6483,D
6484,D
6485,K
6486,D
6487,D
6488,D
6489,D
6490,K
6491,K
6492,D
6493,D
6494,D
6495,D
6496,K
6497,K
6498,D
6499,D
6500,D
6501,D
6502,D
6503,D
6504,D
6505,D
6506,D
6507,K
6508,D
6509,K
6510,D
6511,K
6512,D
6513,D
6514,K
6515,K
6516,K
6517,D
6518,D
6519,D
6520,D
6521,K
6522,D
6523,K
6524,K
6525,D
6526,D
6527,D
6528,D
6529,K
6530,K
6531,D
6532,K
6533,D
6534,D
6535,D
6536,K
6537,K
6538,D
6539,D
6540,D
6541,D
6542,K
6543,D
6544,D
6545,D
6546,D
6547,D
6548,K
6549,D
6550,K
6551,D
6552,D
6553,D
6554,D
6555,K
6556,D
6557,D
6558,D
6559,D
6560,D
6561,K
6562,K
6563,K
6564,K
6565,D
6566,D
6567,D
6568,D
6569,D
6570,D
6571,K
6572,D
6573,D
6574,K
6575,D
6576,D
6577,D
6578,K
6579,D
6580,D
6581,D
6582,K
6583,K
6584,K
6585,K
6586,D
6587,D
6588,K
6589,K
6590,D
6591,D
6592,D
6593,D
6594,D
6595,D
6596,D
6597,D
6598,D
6599,D
6600,D
6601,D
6602,D
6603,D
6604,D
6605,K
6606,K
6607,K
6608,D
6609,D
6610,K
6611,K
6612,D
6613,D
6614,D
6615,D
6616,D
6617,K
6618,D
6619,D
6620,K
6621,D
6622,D
6623,D
6624,K
6625,D
6626,D
6627,D
6628,D
6629,D
6630,D
6631,D
6632,K
6633,D
6634,K
6635,D
6636,D
6637,K
6638,D
6639,D
6640,D
6641,K
6642,D
6643,D
6644,D
6645,K
6646,K
6647,K
6648,D
6649,D
6650,K
6651,D
6652,D
6653,D
6654,D
6655,D
6656,D
6657,K
6658,D
6659,D
6660,D
6661,D
6662,D
6663,D
6664,D
6665,K
6666,D
6667,D
6668,D
6669,K
6670,K
6671,D
6672,D
6673,D
6674,K
6675,D
6676,D
6677,K
6678,K
6679,D
6680,D
6681,D
6682,K
6683,K
6684,D
6685,K
6686,K
6687,D
6688,D
6689,D
6690,D
6691,K
6692,D
6693,D
6694,D
6695,K
6696,D
6697,D
6698,D
6699,D
6700,D
6701,D
6702,D
6703,D
6704,D
6705,K
6706,D
6707,D
6708,D
6709,K
6710,D
6711,K
6712,D
6713,K
6714,D
6715,K
6716,D
6717,K
6718,D
6719,D
6720,D
6721,D
6722,K
6723,D
6724,K
6725,D
6726,D
6727,D
6728,D
6729,D
6730,D
6731,D
6732,D
6733,D
6734,D
6735,D
6736,D
6737,D
6738,D
6739,D
6740,D
6741,K
6742,K
6743,D
6744,K
6745,D
6746,D
6747,D
6748,D
6749,D
6750,K
6751,D
6752,K
6753,D
6754,D
6755,D
6756,D
6757,D
6758,D
6759,D
6760,D
6761,K
6762,K
6763,D
6764,D
6765,D
6766,K
6767,D
6768,D
6769,D
6770,K
6771,D
6772,K
6773,D
6774,D
6775,D
6776,K
6777,D
6778,D
6779,D
6780,K
6781,D
6782,D
6783,D
6784,D
6785,K
6786,D
6787,D
6788,D
6789,D
6790,D
6791,D
6792,D
6793,D
6794,D
6795,D
6796,D
6797,D
6798,D
6799,K
6800,D
6801,K
6802,D
6803,D
6804,D
6805,K
6806,D
6807,D
6808,D
6809,D
6810,D
6811,D
6812,D
6813,D
6814,D
6815,D
6816,D
6817,D
6818,D
6819,D
6820,K
6821,D
6822,D
6823,D
6824,D
6825,D
6826,D
6827,D
6828,D
6829,D
6830,D
6831,K
6832,K
6833,D
6834,D
6835,D
6836,D
6837,D
6838,D
6839,K
6840,K
6841,D
6842,D
6843,D
6844,D
6845,K
6846,K
6847,K
6848,D
6849,K
6850,D
6851,D
6852,D
6853,D
6854,D
6855,D
6856,D
6857,D
6858,K
6859,D
6860,K
6861,D
6862,D
6863,D
6864,D
6865,D
6866,D
6867,D
6868,D
6869,K
6870,K
6871,D
6872,K
6873,D
6874,D
6875,D
6876,D
6877,K
6878,K
6879,D
6880,D
6881,K
6882,K
6883,K
6884,D
6885,D
6886,K
6887,D
6888,D
6889,D
6890,D
6891,D
6892,D
6893,D
6894,D
6895,D
6896,D
6897,D
6898,D
6899,D
6900,D
6901,K
6902,D
6903,D
6904,D
6905,D
6906,D
6907,D
6908,D
6909,K
6910,D
6911,D
6912,D
6913,D
6914,D
6915,K
6916,K
6917,D
6918,K
6919,K
6920,D
6921,K
6922,K
6923,D
6924,D
6925,D
6926,K
6927,D
6928,K
6929,K
6930,K
6931,D
6932,D
6933,D
6934,K
6935,D
6936,D
6937,K
6938,K
6939,D
6940,D
6941,D
6942,D
6943,D
6944,D
6945,D
6946,K
6947,K
6948,D
6949,D
6950,D
6951,D
6952,K
6953,D
6954,D
6955,D
6956,D
6957,K
6958,K
6959,D
6960,D
6961,K
6962,D
6963,D
6964,D
6965,D
6966,D
6967,D
6968,K
6969,D
6970,D
6971,D
6972,K
6973,D
6974,D
6975,D
6976,K
6977,D
6978,D
6979,D
6980,D
6981,D
6982,D
6983,D
6984,D
6985,D
6986,D
6987,D
6988,D
6989,D
6990,D
6991,D
6992,D
6993,K
6994,D
6995,K
6996,D
6997,K
6998,D
6999,D
7000,D
7001,D
7002,K
7003,D
7004,D
7005,K
7006,D
7007,D
7008,D
7009,D
7010,D
7011,K
7012,K
7013,D
7014,D
7015,D
7016,K
7017,D
7018,D
7019,D
7020,D
7021,D
7022,K
7023,D
7024,K
7025,D
7026,D
7027,D
7028,D
7029,D
7030,D
7031,D
7032,D
7033,D
7034,D
7035,K
7036,D
7037,D
7038,K
7039,K
7040,D
7041,D
7042,D
7043,D
7044,K
7045,D
7046,K
7047,K
7048,D
7049,K
7050,D
7051,D
7052,D
7053,D
7054,D
7055,K
7056,D
7057,D
7058,D
7059,D
7060,K
7061,K
7062,K
7063,D
7064,D
7065,D
7066,D
7067,K
7068,D
7069,K
7070,K
7071,D
7072,D
7073,D
7074,D
7075,D
7076,D
7077,D
7078,D
7079,K
7080,K
7081,D
7082,D
7083,K
7084,K
7085,D
7086,D
7087,K
7088,K
7089,K
7090,K
7091,K
7092,K
7093,D
7094,K
7095,D
7096,D
7097,D
7098,D
7099,K
7100,K
7101,D
7102,D
7103,D
7104,D
7105,K
7106,D
7107,K
7108,D
7109,K
7110,D
7111,D
7112,K
7113,D
7114,D
7115,D
7116,D
7117,D
7118,K
7119,K
7120,D
7121,D
7122,D
7123,K
7124,K
7125,K
7126,K
7127,D
7128,K
7129,D
7130,K
7131,D
7132,D
7133,D
7134,D
7135,D
7136,D
7137,D
7138,K
7139,K
7140,D
7141,D
7142,K
7143,D
7144,D
7145,D
7146,K
7147,K
7148,D
7149,K
7150,K
7151,D
7152,D
7153,K
7154,D
7155,D
7156,K
7157,K
7158,D
7159,D
7160,K
7161,D
7162,K
7163,D
7164,D
7165,K
7166,D
7167,D
7168,D
7169,D
7170,D
7171,D
7172,D
7173,D
7174,K
7175,D
7176,K
7177,D
7178,K
7179,D
7180,K
7181,D
7182,D
7183,D
7184,D
7185,D
7186,D
7187,D
7188,K
7189,D
7190,K
7191,D
7192,D
7193,D
7194,K
7195,D
7196,K
7197,K
7198,D
7199,K
7200,K
7201,D
7202,D
7203,D
7204,D
7205,D
7206,K
7207,D
7208,D
7209,K
7210,D
7211,D
7212,K
7213,D
7214,D
7215,K
7216,K
7217,D
7218,D
7219,D
7220,K
7221,K
7222,D
7223,D
7224,D
7225,K
7226,K
7227,K
7228,D
7229,D
7230,D
7231,D
7232,D
7233,D
7234,K
7235,D
7236,K
7237,D
7238,D
7239,K
7240,K
7241,D
7242,D
7243,D
7244,D
7245,D
7246,K
7247,K
7248,D
7249,D
7250,D
7251,D
7252,K
7253,D
7254,K
7255,D
7256,D
7257,D
7258,D
7259,D
7260,D
7261,D
7262,D
7263,D
7264,D
7265,D
7266,D
7267,K
7268,D
7269,K
7270,D
7271,D
7272,D
7273,D
7274,K
7275,D
7276,D
7277,K
7278,K
7279,K
7280,D
7281,K
7282,K
7283,D
7284,K
7285,K
7286,D
7287,D
7288,K
7289,D
7290,D
7291,D
7292,K
7293,D
7294,K
7295,D
7296,D
7297,K
7298,K
7299,D
7300,K
7301,D
7302,K
7303,D
7304,D
7305,D
7306,D
7307,D
7308,D
7309,D
7310,D
7311,D
7312,K
7313,D
7314,D
7315,D
7316,D
7317,D
7318,K
7319,D
7320,D
7321,D
7322,D
7323,D
7324,K
7325,K
7326,D
7327,D
7328,K
7329,D
7330,K
7331,D
7332,K
7333,K
7334,D
7335,D
7336,D
7337,D
7338,K
7339,K
7340,K
7341,D
7342,K
7343,D
7344,K
7345,K
7346,D
7347,K
7348,K
7349,K
7350,D
7351,K
7352,D
7353,D
7354,D
7355,D
7356,K
7357,D
7358,D
7359,D
7360,D
7361,D
7362,D
7363,K
7364,D
7365,D
7366,D
7367,D
7368,K
7369,D
7370,K
7371,D
7372,D
7373,D
7374,D
7375,D
7376,D
7377,K
7378,D
7379,D
7380,K
7381,D
7382,K
7383,D
7384,K
7385,D
7386,D
7387,K
7388,D
7389,D
7390,D
7391,D
7392,D
7393,D
7394,D
7395,D
7396,D
7397,D
7398,K
7399,D
7400,D
7401,K
7402,D
7403,D
7404,D
7405,D
7406,K
7407,D
7408,D
7409,D
7410,D
7411,D
7412,D
7413,K
7414,D
7415,K
7416,K
7417,K
7418,D
7419,D
7420,D
7421,D
7422,D
7423,D
7424,D
7425,D
7426,D
7427,K
7428,K
7429,D
7430,K
7431,K
7432,D
7433,D
7434,D
7435,D
7436,D
7437,D
7438,D
7439,K
7440,D
7441,K
7442,K
7443,D
7444,K
7445,K
7446,D
7447,K
7448,K
7449,K
7450,D
7451,D
7452,D
7453,D
7454,D
7455,D
7456,K
7457,D
7458,D
7459,K
7460,K
7461,D
7462,D
7463,D
7464,K
7465,K
7466,D
7467,D
7468,K
7469,K
7470,D
7471,K
7472,D
7473,D
7474,D
7475,D
7476,K
7477,D
7478,K
7479,D
7480,D
7481,D
7482,D
7483,K
7484,K
7485,D
7486,D
7487,D
7488,K
7489,K
7490,D
7491,K
7492,D
7493,D
7494,K
7495,D
7496,D
7497,D
7498,D
7499,D
7500,K
7501,D
7502,D
7503,D
7504,K
7505,K
7506,D
7507,K
7508,D
7509,D
7510,K
7511,D
7512,D
7513,D
7514,K
7515,K
7516,D
7517,D
7518,D
7519,D
7520,D
7521,D
7522,K
7523,D
7524,D
7525,D
7526,D
7527,D
7528,D
7529,K
7530,K
7531,K
7532,K
7533,D
7534,D
7535,D
7536,D
7537,K
7538,D
7539,K
7540,D
7541,D
7542,K
7543,D
7544,D
7545,K
7546,K
7547,K
7548,K
7549,D
7550,K
7551,D
7552,D
7553,D
7554,D
7555,D
7556,K
7557,K
7558,D
7559,D
7560,D
7561,D
7562,D
7563,D
7564,D
7565,K
7566,D
7567,K
7568,K
7569,D
7570,D
7571,D
7572,D
7573,D
7574,D
7575,K
7576,K
7577,D
7578,K
7579,K
7580,K
7581,K
7582,D
7583,K
7584,K
7585,D
7586,K
7587,D
7588,D
7589,D
7590,D
7591,D
7592,D
7593,D
7594,K
7595,D
7596,D
7597,D
7598,K
7599,D
7600,K
7601,K
7602,K
7603,D
7604,D
7605,D
7606,D
7607,D
7608,D
7609,D
7610,K
7611,K
7612,K
7613,D
7614,D
7615,D
7616,D
7617,K
7618,D
7619,D
7620,D
7621,D
7622,D
7623,K
7624,D
7625,D
7626,D
7627,K
7628,D
7629,D
7630,D
7631,D
7632,D
7633,D
7634,K
7635,D
7636,D
7637,K
7638,D
7639,K
7640,K
7641,D
7642,K
7643,D
7644,D
7645,D
7646,D
7647,D
7648,K
7649,D
7650,K
7651,D
7652,K
7653,D
7654,K
7655,K
7656,D
7657,D
7658,K
7659,D
7660,D
7661,K
7662,D
7663,K
7664,D
7665,K
7666,K
7667,D
7668,K
7669,D
7670,D
7671,D
7672,K
7673,D
7674,K
7675,K
7676,D
7677,D
7678,D
7679,D
7680,K
7681,D
7682,D
7683,D
7684,K
7685,K
7686,D
7687,K
7688,D
7689,K
7690,D
7691,K
7692,D
7693,D
7694,D
7695,D
7696,D
7697,D
7698,K
7699,K
7700,D
7701,K
7702,K
7703,K
7704,D
7705,D
7706,K
7707,D
7708,D
7709,D
7710,D
7711,D
7712,K
7713,D
7714,K
7715,D
7716,D
7717,D
7718,D
7719,D
7720,D
7721,K
7722,D
7723,D
7724,K
7725,D
7726,D
7727,D
7728,D
7729,K
7730,K
7731,K
7732,K
7733,D
7734,D
7735,D
7736,D
7737,D
7738,K
7739,D
7740,D
7741,D
7742,K
7743,D
7744,D
7745,D
7746,D
7747,D
7748,D
7749,D
7750,D
7751,K
7752,D
7753,D
7754,K
7755,K
7756,K
7757,D
7758,D
7759,D
7760,D
7761,K
7762,K
7763,D
7764,D
7765,D
7766,K
7767,D
7768,K
7769,K
7770,K
7771,D
7772,K
7773,K
7774,D
7775,D
7776,D
7777,K
7778,K
7779,D
7780,D
7781,D
7782,D
7783,D
7784,D
7785,D
7786,D
7787,K
7788,D
7789,K
7790,K
7791,D
7792,D
7793,D
7794,K
7795,D
7796,D
7797,D
7798,D
7799,D
7800,D
7801,K
7802,K
7803,D
7804,K
7805,D
7806,D
7807,K
7808,K
7809,D
7810,K
7811,K
7812,D
7813,K
7814,D
7815,D
7816,D
7817,D
7818,D
7819,D
7820,D
7821,D
7822,D
7823,K
7824,K
7825,D
7826,D
7827,D
7828,K
7829,D
7830,D
7831,D
7832,K
7833,D
7834,D
7835,D
7836,K
7837,D
7838,K
7839,D
7840,D
7841,D
7842,K
7843,K
7844,D
7845,D
7846,D
7847,D
7848,D
7849,D
7850,D
7851,D
7852,D
7853,D
7854,K
7855,D
7856,D
7857,K
7858,D
7859,D
7860,D
7861,D
7862,K
7863,D
7864,D
7865,D
7866,D
7867,K
7868,D
7869,D
7870,D
7871,D
7872,D
7873,D
7874,D
7875,K
7876,D
7877,D
7878,K
7879,D
7880,D
7881,K
7882,D
7883,D
7884,D
7885,D
7886,D
7887,D
7888,D
7889,D
7890,D
7891,D
7892,K
7893,D
7894,K
7895,D
7896,D
7897,K
7898,D
7899,K
7900,K
7901,K
7902,K
7903,D
7904,D
7905,D
7906,D
7907,D
7908,D
7909,D
7910,D
7911,D
7912,K
7913,K
7914,D
7915,D
7916,D
7917,D
7918,D
7919,K
7920,D
7921,D
7922,K
7923,D
7924,D
7925,K
7926,D
7927,K
7928,D
7929,K
7930,D
7931,K
7932,D
7933,D
7934,D
7935,K
7936,D
7937,D
7938,K
7939,D
7940,K
7941,D
7942,K
7943,D
7944,K
7945,D
7946,K
7947,D
7948,D
7949,K
7950,D
7951,K
7952,D
7953,D
7954,K
7955,K
7956,D
7957,K
7958,D
7959,D
7960,K
7961,K
7962,D
7963,D
7964,K
7965,K
7966,D
7967,D
7968,D
7969,D
7970,D
7971,D
7972,K
7973,D
7974,D
7975,K
7976,K
7977,K
7978,D
7979,D
7980,K
7981,D
7982,K
7983,K
7984,D
7985,D
7986,K
7987,D
7988,K
7989,K
7990,D
7991,D
7992,K
7993,K
7994,D
7995,D
7996,D
7997,D
7998,D
7999,K
8000,D
8001,D
8002,D
8003,D
8004,D
8005,K
8006,D
8007,K
8008,D
8009,D
8010,D
8011,D
8012,D
8013,K
8014,D
8015,K
8016,D
8017,D
8018,K
8019,D
8020,D
8021,D
8022,D
8023,D
8024,K
8025,K
8026,D
8027,D
8028,K
8029,D
8030,D
8031,D
8032,D
8033,D
8034,D
8035,D
8036,D
8037,K
8038,K
8039,K
8040,D
8041,D
8042,D
8043,D
8044,D
8045,D
8046,D
8047,K
8048,D
8049,D
8050,D
8051,K
8052,D
8053,D
8054,D
8055,D
8056,K
8057,D
8058,K
8059,D
8060,D
8061,D
8062,D
8063,K
8064,D
8065,D
8066,D
8067,K
8068,D
8069,K
8070,D
8071,D
8072,K
8073,D
8074,D
8075,D
8076,K
8077,D
8078,K
8079,D
8080,K
8081,D
8082,K
8083,D
8084,K
8085,D
8086,D
8087,D
8088,K
8089,K
8090,D
8091,D
8092,D
8093,D
8094,D
8095,D
8096,D
8097,D
8098,K
8099,D
8100,D
8101,K
8102,K
8103,D
8104,D
8105,K
8106,D
8107,D
8108,K
8109,D
8110,D
8111,D
8112,D
8113,D
8114,D
8115,D
8116,D
8117,D
8118,D
8119,D
8120,D
8121,D
8122,D
8123,K
8124,K
8125,D
8126,K
8127,D
8128,D
8129,D
8130,K
8131,D
8132,D
8133,D
8134,K
8135,D
8136,K
8137,K
8138,K
8139,D
8140,D
8141,D
8142,D
8143,D
8144,D
8145,K
8146,D
8147,K
8148,D
8149,K
8150,D
8151,K
8152,K
8153,K
8154,D
8155,D
8156,D
8157,D
8158,D
8159,D
8160,K
8161,D
8162,K
8163,D
8164,K
8165,D
8166,D
8167,D
8168,K
8169,D
8170,K
8171,D
8172,K
8173,D
8174,K
8175,D
8176,D
8177,D
8178,K
8179,D
8180,K
8181,D
8182,K
8183,D
8184,D
8185,D
8186,D
8187,D
8188,K
8189,K
8190,D
8191,D
8192,D
8193,D
8194,D
8195,D
8196,K
8197,K
8198,D
8199,D
8200,D
8201,D
8202,D
8203,D
8204,D
8205,D
8206,D
8207,D
8208,D
8209,D
8210,D
8211,D
8212,K
8213,D
8214,K
8215,D
8216,D
8217,D
8218,K
8219,D
8220,K
8221,K
8222,D
8223,K
8224,K
8225,D
8226,K
8227,K
8228,D
8229,D
8230,D
8231,D
8232,K
8233,K
8234,K
8235,D
8236,K
8237,D
8238,K
8239,D
8240,D
8241,D
8242,D
8243,K
8244,D
8245,D
8246,D
8247,K
8248,D
8249,D
8250,D
8251,K
8252,K
8253,D
8254,K
8255,K
8256,D
8257,D
8258,D
8259,D
8260,D
8261,D
8262,D
8263,D
8264,D
8265,K
8266,D
8267,D
8268,K
8269,D
8270,D
8271,D
8272,D
8273,K
8274,D
8275,K
8276,D
8277,D
8278,D
8279,K
8280,D
8281,K
8282,D
8283,K
8284,D
8285,D
8286,D
8287,D
8288,K
8289,K
8290,K
8291,D
8292,D
8293,K
8294,D
8295,K
8296,D
8297,K
8298,D
8299,K
8300,D
8301,D
8302,K
8303,D
8304,D
8305,D
8306,K
8307,K
8308,K
8309,D
8310,K
8311,K
8312,D
8313,D
8314,D
8315,D
8316,K
8317,D
8318,K
8319,D
8320,D
8321,D
8322,D
8323,D
8324,D
8325,K
8326,D
8327,D
8328,K
8329,D
8330,K
8331,D
8332,D
8333,D
8334,D
8335,D
8336,D
8337,K
8338,D
8339,D
8340,D
8341,D
8342,K
8343,D
8344,D
8345,K
8346,K
8347,D
8348,D
8349,D
8350,D
8351,D
8352,D
8353,D
8354,D
8355,D
8356,K
8357,D
8358,K
8359,D
8360,D
8361,K
8362,K
8363,K
8364,K
8365,K
8366,D
8367,D
8368,D
8369,D
8370,K
8371,D
8372,D
8373,D
8374,K
8375,D
8376,D
8377,D
8378,K
8379,K
8380,D
8381,D
8382,K
8383,K
8384,D
8385,D
8386,D
8387,K
8388,K
8389,K
8390,K
8391,D
8392,D
8393,K
8394,D
8395,D
8396,K
8397,K
8398,D
8399,D
8400,D
8401,K
8402,D
8403,K
8404,D
8405,D
8406,K
8407,K
8408,D
8409,D
8410,D
8411,D
8412,D
8413,D
8414,K
8415,D
8416,D
8417,D
8418,D
8419,K
8420,D
8421,K
8422,D
8423,D
8424,D
8425,K
8426,D
8427,D
8428,D
8429,D
8430,D
8431,D
8432,D
8433,D
8434,K
8435,D
8436,D
8437,D
8438,D
8439,K
8440,D
8441,D
8442,D
8443,D
8444,D
8445,D
8446,D
8447,K
8448,D
8449,D
8450,K
8451,D
8452,K
8453,D
8454,D
8455,D
8456,K
8457,D
8458,D
8459,D
8460,K
8461,D
8462,K
8463,K
8464,K
8465,D
8466,D
8467,K
8468,D
8469,K
8470,K
8471,D
8472,K
8473,D
8474,D
8475,K
8476,D
8477,K
8478,K
8479,D
8480,K
8481,D
8482,D
8483,D
8484,D
8485,K
8486,D
8487,D
8488,D
8489,K
8490,D
8491,D
8492,D
8493,K
8494,D
8495,D
8496,D
8497,D
8498,D
8499,D
8500,K
8501,K
8502,D
8503,D
8504,D
8505,D
8506,D
8507,K
8508,D
8509,D
8510,D
8511,D
8512,K
8513,K
8514,K
8515,D
8516,K
8517,D
8518,K
8519,D
8520,K
8521,D
8522,D
8523,K
8524,D
8525,D
8526,D
8527,D
8528,D
8529,D
8530,K
8531,K
8532,K
8533,D
8534,K
8535,D
8536,D
8537,D
8538,D
8539,K
8540,K
8541,D
8542,D
8543,K
8544,D
8545,D
8546,D
8547,D
8548,D
8549,D
8550,D
8551,D
8552,D
8553,D
8554,D
8555,D
8556,K
8557,D
8558,K
8559,D
8560,K
8561,D
8562,D
8563,D
8564,D
8565,D
8566,D
8567,D
8568,D
8569,K
8570,K
8571,D
8572,D
8573,K
8574,D
8575,D
8576,K
8577,D
8578,K
8579,D
8580,D
8581,D
8582,D
8583,D
8584,D
8585,D
8586,K
8587,D
8588,K
8589,D
8590,D
8591,K
8592,K
8593,D
8594,K
8595,D
8596,K
8597,D
8598,K
8599,D
8600,D
8601,K
8602,D
8603,D
8604,K
8605,D
8606,D
8607,D
8608,D
8609,K
8610,K
8611,K
8612,K
8613,D
8614,K
8615,D
8616,D
8617,K
8618,D
8619,K
8620,D
8621,D
8622,D
8623,K
8624,K
8625,D
8626,D
8627,D
8628,K
8629,K
8630,D
8631,D
8632,D
8633,D
8634,D
8635,K
8636,K
8637,D
8638,D
8639,D
8640,D
8641,D
8642,D
8643,D
8644,D
8645,K
8646,D
8647,D
8648,D
8649,K
8650,D
8651,D
8652,K
8653,D
8654,D
8655,K
8656,D
8657,D
8658,K
8659,D
8660,D
8661,D
8662,D
8663,D
8664,K
8665,D
8666,D
8667,D
8668,D
8669,D
8670,D
8671,D
8672,K
8673,D
8674,D
8675,K
8676,K
8677,D
8678,K
8679,D
8680,D
8681,D
8682,D
8683,D
8684,D
8685,D
8686,K
8687,D
8688,D
8689,D
8690,K
8691,K
8692,D
8693,D
8694,D
8695,D
8696,D
8697,D
8698,K
8699,K
8700,K
8701,D
8702,D
8703,K
8704,K
8705,D
8706,D
8707,K
8708,D
8709,D
8710,D
8711,D
8712,D
8713,D
8714,D
8715,D
8716,D
8717,D
8718,D
8719,K
8720,D
8721,K
8722,D
8723,D
8724,D
8725,D
8726,D
8727,D
8728,D
8729,D
8730,K
8731,K
8732,D
8733,D
8734,D
8735,D
8736,K
8737,D
8738,D
8739,D
8740,D
8741,D
8742,D
8743,D
8744,D
8745,D
8746,D
8747,D
8748,D
8749,K
8750,D
8751,D
8752,D
8753,K
8754,D
8755,K
8756,D
8757,D
8758,K
8759,D
8760,K
8761,D
8762,D
8763,D
8764,D
8765,K
8766,D
8767,K
8768,D
8769,D
8770,D
8771,D
8772,K
8773,D
8774,D
8775,D
8776,K
8777,K
8778,D
8779,D
8780,K
8781,D
8782,D
8783,D
8784,K
8785,D
8786,D
8787,D
8788,D
8789,D
8790,D
8791,K
8792,D
8793,K
8794,D
8795,K
8796,D
8797,D
8798,D
8799,D
8800,D
8801,K
8802,D
8803,K
8804,D
8805,D
8806,D
8807,D
8808,D
8809,K
8810,D
8811,D
8812,D
8813,K
8814,D
8815,D
8816,D
8817,K
8818,D
8819,D
8820,K
8821,D
8822,D
8823,D
8824,D
8825,D
8826,K
8827,D
8828,K
8829,D
8830,D
8831,D
8832,K
8833,K
8834,K
8835,K
8836,D
8837,K
8838,D
8839,D
8840,D
8841,D
8842,K
8843,D
8844,D
8845,K
8846,K
8847,D
8848,D
8849,D
8850,D
8851,K
8852,D
8853,D
8854,K
8855,D
8856,D
8857,D
8858,K
8859,D
8860,D
8861,D
8862,D
8863,K
8864,D
8865,D
8866,K
8867,D
8868,D
8869,D
8870,D
8871,D
8872,D
8873,K
8874,D
8875,D
8876,D
8877,D
8878,K
8879,D
8880,D
8881,K
8882,D
8883,D
8884,D
8885,K
8886,D
8887,K
8888,D
8889,D
8890,D
8891,D
8892,K
8893,D
8894,D
8895,D
8896,D
8897,D
8898,D
8899,K
8900,D
8901,D
8902,D
8903,D
8904,D
8905,D
8906,D
8907,K
8908,K
8909,K
8910,K
8911,D
8912,D
8913,D
8914,D
8915,D
8916,K
8917,D
8918,K
8919,D
8920,D
8921,D
8922,D
8923,K
8924,D
8925,D
8926,K
8927,D
8928,D
8929,D
8930,K
8931,D
8932,D
8933,D
8934,D
8935,K
8936,D
8937,D
8938,D
8939,D
8940,K
8941,K
8942,D
8943,D
8944,D
8945,K
8946,D
8947,K
8948,K
8949,K
8950,K
8951,D
8952,D
8953,K
8954,D
8955,D
8956,K
8957,D
8958,D
8959,K
8960,D
8961,D
8962,D
8963,D
8964,K
8965,D
8966,D
8967,K
8968,K
8969,D
8970,D
8971,D
8972,D
8973,D
8974,D
8975,D
8976,D
8977,D
8978,K
8979,D
8980,D
8981,K
8982,D
8983,K
8984,D
8985,K
8986,K
8987,K
8988,D
8989,K
8990,D
8991,K
8992,D
8993,D
8994,D
8995,D
8996,D
8997,K
8998,K
8999,D
9000,D
9001,D
9002,K
9003,D
9004,K
9005,K
9006,K
9007,D
9008,D
9009,D
9010,D
9011,D
9012,D
9013,D
9014,D
9015,D
9016,D
9017,D
9018,D
9019,D
9020,D
9021,D
9022,D
9023,K
9024,D
9025,D
9026,D
9027,D
9028,K
9029,K
9030,D
9031,D
9032,D
9033,D
9034,D
9035,D
9036,D
9037,D
9038,K
9039,K
9040,D
9041,K
9042,D
9043,K
9044,K
9045,D
9046,D
9047,K
9048,D
9049,D
9050,K
9051,D
9052,K
9053,D
9054,K
9055,D
9056,K
9057,D
9058,D
9059,D
9060,D
9061,K
9062,D
9063,D
9064,K
9065,D
9066,D
9067,K
9068,D
9069,D
9070,D
9071,D
9072,K
9073,D
9074,D
9075,D
9076,D
9077,D
9078,K
9079,K
9080,D
9081,D
9082,D
9083,D
9084,K
9085,D
9086,D
9087,D
9088,K
9089,D
9090,D
9091,D
9092,D
9093,K
9094,D
9095,K
9096,D
9097,D
9098,K
9099,D
9100,D
9101,D
9102,D
9103,D
9104,K
9105,D
9106,K
9107,D
9108,D
9109,D
9110,D
9111,D
9112,D
9113,D
9114,D
9115,K
9116,K
9117,D
9118,D
9119,D
9120,K
9121,D
9122,K
9123,K
9124,K
9125,D
9126,D
9127,D
9128,K
9129,K
9130,K
9131,D
9132,D
9133,K
9134,D
9135,K
9136,K
9137,D
9138,K
9139,K
9140,K
9141,K
9142,D
9143,D
9144,K
9145,D
9146,D
9147,D
9148,D
9149,D
9150,D
9151,D
9152,D
9153,D
9154,D
9155,D
9156,D
9157,D
9158,D
9159,K
9160,D
9161,D
9162,D
9163,D
9164,D
9165,D
9166,D
9167,D
9168,K
9169,K
9170,D
9171,K
9172,K
9173,D
9174,D
9175,K
9176,D
9177,D
9178,K
9179,D
9180,D
9181,D
9182,K
9183,D
9184,D
9185,K
9186,K
9187,D
9188,D
9189,D
9190,D
9191,D
9192,K
9193,D
9194,D
9195,D
9196,D
9197,K
9198,D
9199,D
9200,D
9201,D
9202,K
9203,K
9204,D
9205,K
9206,D
9207,K
9208,D
9209,D
9210,K
9211,D
9212,K
9213,D
9214,K
9215,D
9216,K
9217,D
9218,K
9219,D
9220,D
9221,D
9222,D
9223,D
9224,D
9225,D
9226,K
9227,D
9228,K
9229,K
9230,D
9231,K
9232,D
9233,D
9234,K
9235,K
9236,D
9237,D
9238,D
9239,D
9240,D
9241,K
9242,D
9243,K
9244,K
9245,K
9246,D
9247,D
9248,D
9249,K
9250,D
9251,K
9252,D
9253,K
9254,K
9255,K
9256,K
9257,D
9258,D
9259,K
9260,K
9261,K
9262,D
9263,K
9264,K
9265,D
9266,D
9267,D
9268,D
9269,K
9270,D
9271,K
9272,D
9273,D
9274,D
9275,D
9276,D
9277,K
9278,D
9279,D
9280,D
9281,K
9282,K
9283,K
9284,D
9285,D
9286,D
9287,D
9288,D
9289,D
9290,D
9291,D
9292,D
9293,K
9294,K
9295,D
9296,K
9297,D
9298,D
9299,D
9300,D
9301,K
9302,K
9303,D
9304,K
9305,K
9306,D
9307,D
9308,K
9309,D
9310,D
9311,D
9312,D
9313,D
9314,D
9315,D
9316,D
9317,D
9318,D
9319,D
9320,D
9321,D
9322,K
9323,K
9324,D
9325,D
9326,D
9327,K
9328,D
9329,D
9330,D
9331,D
9332,K
9333,D
9334,K
9335,D
9336,D
9337,K
9338,D
9339,K
9340,K
9341,D
9342,D
9343,D
9344,D
9345,D
9346,D
9347,D
9348,D
9349,D
9350,D
9351,K
9352,D
9353,K
9354,D
9355,K
9356,D
9357,D
9358,D
9359,D
9360,D
9361,D
9362,D
9363,D
9364,D
9365,D
9366,D
9367,D
9368,D
9369,D
9370,D
9371,D
9372,D
9373,D
9374,D
9375,D
9376,D
9377,D
9378,D
9379,K
9380,D
9381,K
9382,D
9383,D
9384,D
9385,D
9386,K
9387,D
9388,D
9389,K
9390,D
9391,D
9392,D
9393,K
9394,D
9395,D
9396,K
9397,D
9398,D
9399,K
9400,D
9401,D
9402,D
9403,D
9404,D
9405,K
9406,D
9407,K
9408,D
9409,D
9410,D
9411,D
9412,D
9413,D
9414,K
9415,D
9416,K
9417,K
9418,D
9419,D
9420,D
9421,K
9422,K
9423,D
9424,D
9425,D
9426,K
9427,D
9428,D
9429,K
9430,K
9431,K
9432,K
9433,D
9434,D
9435,K
9436,D
9437,D
9438,K
9439,D
9440,K
9441,D
9442,D
9443,D
9444,K
9445,K
9446,D
9447,K
9448,D
9449,D
9450,D
9451,D
9452,D
9453,D
9454,K
9455,K
9456,D
9457,K
9458,K
9459,D
9460,D
9461,K
9462,D
9463,D
9464,D
9465,D
9466,D
9467,D
9468,K
9469,D
9470,K
9471,D
9472,D
9473,K
9474,K
9475,K
9476,K
9477,D
9478,D
9479,D
9480,K
9481,K
9482,K
9483,D
9484,K
9485,K
9486,K
9487,K
9488,K
9489,D
9490,D
9491,D
9492,D
9493,D
9494,K
9495,K
9496,D
9497,K
9498,D
9499,K
9500,K
9501,D
9502,D
9503,D
9504,D
9505,K
9506,D
9507,K
9508,D
9509,D
9510,D
9511,D
9512,K
9513,D
9514,D
9515,K
9516,K
9517,D
9518,D
9519,D
9520,K
9521,K
9522,D
9523,K
9524,D
9525,D
9526,D
9527,D
9528,D
9529,D
9530,D
9531,D
9532,D
9533,D
9534,D
9535,D
9536,D
9537,D
9538,D
9539,D
9540,K
9541,D
9542,D
9543,K
9544,D
9545,D
9546,K
9547,D
9548,K
9549,K
9550,D
9551,D
9552,D
9553,D
9554,K
9555,D
9556,D
9557,D
9558,D
9559,D
9560,K
9561,D
9562,D
9563,D
9564,D
9565,D
9566,D
9567,D
9568,D
9569,D
9570,D
9571,D
9572,D
9573,D
9574,K
9575,D
9576,D
9577,D
9578,D
9579,K
9580,K
9581,D
9582,D
9583,K
9584,D
9585,D
9586,D
9587,D
9588,D
9589,D
9590,D
9591,K
9592,D
9593,K
9594,K
9595,D
9596,K
9597,D
9598,D
9599,K
9600,D
9601,K
9602,D
9603,D
9604,K
9605,D
9606,D
9607,D
9608,D
9609,D
9610,D
9611,D
9612,D
9613,D
9614,D
9615,D
9616,D
9617,K
9618,K
9619,D
9620,D
9621,D
9622,D
9623,D
9624,D
9625,D
9626,D
9627,D
9628,K
9629,D
9630,D
9631,D
9632,D
9633,D
9634,D
9635,D
9636,D
9637,D
9638,D
9639,K
9640,K
9641,D
9642,K
9643,D
9644,D
9645,D
9646,K
9647,D
9648,D
9649,D
9650,D
9651,D
9652,D
9653,D
9654,K
9655,K
9656,K
9657,K
9658,K
9659,D
9660,K
9661,D
9662,D
9663,D
9664,D
9665,D
9666,K
9667,D
9668,D
9669,K
9670,D
9671,D
9672,D
9673,K
9674,D
9675,K
9676,D
9677,D
9678,D
9679,D
9680,D
9681,K
9682,D
9683,K
9684,D
9685,D
9686,K
9687,K
9688,D
9689,D
9690,D
9691,D
9692,D
9693,K
9694,K
9695,K
9696,K
9697,D
9698,D
9699,K
9700,D
9701,K
9702,D
9703,D
9704,D
9705,K
9706,D
9707,D
9708,K
9709,D
9710,D
9711,K
9712,D
9713,D
9714,D
9715,D
9716,D
9717,D
9718,D
9719,D
9720,D
9721,D
9722,D
9723,K
9724,K
9725,K
9726,D
9727,D
9728,D
9729,K
9730,D
9731,K
9732,D
9733,D
9734,D
9735,D
9736,K
9737,D
9738,D
9739,D
9740,K
9741,D
9742,K
9743,D
9744,D
9745,D
9746,D
9747,D
9748,K
9749,K
9750,D
9751,D
9752,D
9753,K
9754,D
9755,D
9756,D
9757,D
9758,D
9759,K
9760,D
9761,K
9762,D
9763,D
9764,K
9765,D
9766,D
9767,K
9768,K
9769,K
9770,D
9771,D
9772,D
9773,K
9774,K
9775,D
9776,K
9777,D
9778,K
9779,K
9780,D
9781,D
9782,D
9783,D
9784,K
9785,K
9786,D
9787,D
9788,K
9789,D
9790,D
9791,K
9792,D
9793,D
9794,D
9795,D
9796,D
9797,K
9798,D
9799,D
9800,K
9801,D
9802,K
9803,D
9804,D
9805,D
9806,K
9807,K
9808,D
9809,D
9810,K
9811,K
9812,D
9813,K
9814,K
9815,D
9816,D
9817,D
9818,D
9819,D
9820,D
9821,K
9822,D
9823,D
9824,D
9825,D
9826,K
9827,D
9828,D
9829,D
9830,D
9831,D
9832,D
9833,D
9834,D
9835,D
9836,D
9837,D
9838,D
9839,D
9840,K
9841,D
9842,D
9843,D
9844,K
9845,D
9846,D
9847,D
9848,D
9849,K
9850,D
9851,D
9852,D
9853,D
9854,D
9855,K
9856,D
9857,D
9858,K
9859,K
9860,D
9861,D
9862,K
9863,D
9864,D
9865,D
9866,K
9867,D
9868,D
9869,D
9870,D
9871,D
9872,D
9873,D
9874,D
9875,K
9876,D
9877,K
9878,D
9879,D
9880,D
9881,D
9882,K
9883,D
9884,D
9885,D
9886,D
9887,K
9888,D
9889,K
9890,D
9891,D
9892,D
9893,D
9894,K
9895,D
9896,D
9897,D
9898,K
9899,D
9900,D
9901,K
9902,K
9903,D
9904,D
9905,D
9906,D
9907,D
9908,K
9909,D
9910,D
9911,D
9912,D
9913,D
9914,K
9915,D
9916,K
9917,K
9918,D
9919,D
9920,K
9921,D
9922,D
9923,K
9924,K
9925,K
9926,D
9927,D
9928,K
9929,D
9930,K
9931,D
9932,K
9933,K
9934,D
9935,D
9936,D
9937,D
9938,D
9939,D
9940,K
9941,D
9942,D
9943,D
9944,D
9945,K
9946,D
9947,D
9948,D
9949,D
9950,D
9951,D
9952,K
9953,D
9954,K
9955,D
9956,D
9957,K
9958,D
9959,D
9960,D
9961,D
9962,D
9963,K
9964,K
9965,D
9966,D
9967,D
9968,D
9969,D
9970,K
9971,D
9972,D
9973,K
9974,D
9975,D
9976,D
9977,D
9978,K
9979,D
9980,K
9981,D
9982,D
9983,K
9984,D
9985,K
9986,D
9987,D
9988,K
9989,K
9990,D
9991,K
9992,D
9993,D
9994,D
9995,D
9996,K
9997,K
9998,D
9999,K
