iter	CrossEntropy
0	0.6915318604
1	0.6899144287
2	0.6883355713
3	0.686756958
4	0.6852017822
5	0.683633667
6	0.682036499
7	0.680519104
8	0.6790778809
9	0.6776179199
10	0.6760540771
11	0.674616272
12	0.673161499
13	0.671756958
14	0.6703511353
15	0.668942749
16	0.6674724121
17	0.6661068115
18	0.6646810913
19	0.6632753906
20	0.661888916
21	0.6605496826
22	0.6591763306
23	0.6577755737
24	0.656447876
25	0.6551260376
26	0.6537623901
27	0.6524805908
28	0.6512052002
29	0.6499914551
30	0.6486505127
31	0.6473991699
32	0.6461469116
33	0.6449252319
34	0.6437095947
35	0.6425041504
36	0.6413013916
37	0.6400480347
38	0.6388537598
39	0.6376306152
40	0.6364831543
41	0.6352966309
42	0.6341044922
43	0.6330357666
44	0.6318712769
45	0.6307840576
46	0.6297196045
47	0.6286331787
48	0.6274827881
49	0.6264158936
50	0.6253092041
51	0.6241831055
52	0.6231398926
53	0.6220089111
54	0.6209029541
55	0.6198647461
56	0.6188406982
57	0.617819458
58	0.6168800049
59	0.6158483887
60	0.6148216553
61	0.6138035889
62	0.6128633423
63	0.6119033203
64	0.6109067383
65	0.6099637451
66	0.6090227051
67	0.6080792847
68	0.6071033936
69	0.6062075195
70	0.6052400513
71	0.6042660522
72	0.603335083
73	0.6025032959
74	0.6015908203
75	0.6007149048
76	0.5998295898
77	0.5990189819
78	0.5981791992
79	0.5973564453
80	0.5964956665
81	0.5956704102
82	0.5948183594
83	0.5940001221
84	0.5931998291
85	0.5924272461
86	0.5916091309
87	0.5908001709
88	0.5899816895
89	0.5891732788
90	0.5883305054
91	0.5875101318
92	0.5866943359
93	0.5859421997
94	0.5851791992
95	0.5843653564
96	0.5836422119
97	0.5828757324
98	0.5821409912
99	0.5813723145
100	0.5806275024
101	0.5798781738
102	0.5791903076
103	0.5784364624
104	0.5777816772
105	0.5770454102
106	0.576286377
107	0.5755657959
108	0.5748356323
109	0.5741748047
110	0.5735091553
111	0.5728286133
112	0.5721566162
113	0.5714862061
114	0.5707835083
115	0.5700760498
116	0.5694417725
117	0.5687706909
118	0.5681125488
119	0.5674606323
120	0.5667941895
121	0.5661994629
122	0.5655792236
123	0.5649688721
124	0.5643627319
125	0.5637530518
126	0.5631392822
127	0.5624807129
128	0.5618912354
129	0.5612730713
130	0.5606678467
131	0.5600870361
132	0.559484314
133	0.5588644409
134	0.5583267822
135	0.5577509766
136	0.5571689453
137	0.5565700073
138	0.5560212402
139	0.5554683228
140	0.5549693604
141	0.5543834839
142	0.5538165283
143	0.5532418213
144	0.5527425537
145	0.5522394409
146	0.551744873
147	0.5512386475
148	0.5507268066
149	0.5502516479
150	0.5497612915
151	0.5492828369
152	0.5487792969
153	0.5483082886
154	0.5478238525
155	0.5473088379
156	0.5468466797
157	0.5463739014
158	0.5458920288
159	0.545418457
160	0.5449364014
161	0.5444395752
162	0.543960022
163	0.5435112305
164	0.5430184937
165	0.5425604248
166	0.5421455078
167	0.5416746216
168	0.5412067261
169	0.5407418213
170	0.5403136597
171	0.5398607178
172	0.539435791
173	0.5389830933
174	0.5385732422
175	0.5381036377
176	0.5376498413
177	0.537208374
178	0.5367556763
179	0.5362852783
180	0.5359013062
181	0.5354987183
182	0.5350994263
183	0.5347038574
184	0.5343082275
185	0.5339125366
186	0.5335614624
187	0.5331739502
188	0.5328223267
189	0.5324310303
190	0.5320036621
191	0.5316149902
192	0.5312304688
193	0.5308704834
194	0.5304851685
195	0.5301003418
196	0.5297528076
197	0.5294055176
198	0.5290571289
199	0.5286591797
200	0.5282815552
201	0.5279224854
202	0.5275662842
203	0.5271813965
204	0.5267959595
205	0.5264395752
206	0.5260227661
207	0.525651062
208	0.5252906494
209	0.5249539795
210	0.5245836792
211	0.5242461548
212	0.5239042969
213	0.5235760498
214	0.5232192993
215	0.5228726807
216	0.5225717773
217	0.5222016602
218	0.5218746338
219	0.5215842285
220	0.5212385864
221	0.5209243164
222	0.5205788574
223	0.5202526855
224	0.5199419556
225	0.5196166992
226	0.5193410034
227	0.5190587769
228	0.5187381592
229	0.5184310303
230	0.5181505737
231	0.5178787231
232	0.517581665
233	0.5173195801
234	0.5170686646
235	0.5167701416
236	0.5164969482
237	0.5162285156
238	0.5159217529
239	0.5156083374
240	0.5153198242
241	0.5150319824
242	0.5147347412
243	0.5145001831
244	0.5142358398
245	0.5139931641
246	0.5137133789
247	0.5134399414
248	0.5131526489
249	0.5128950195
250	0.5126431885
251	0.5123640137
252	0.5120882568
253	0.5118339233
254	0.5115776062
255	0.5112898865
256	0.5110732727
257	0.5108442383
258	0.5105623474
259	0.5103370972
260	0.5101146851
261	0.5098876343
262	0.5096463928
263	0.5094408569
264	0.5092243042
265	0.5089940186
266	0.5087494507
267	0.5085219727
268	0.5082608337
269	0.5080390625
270	0.5077965088
271	0.5075975952
272	0.5073426514
273	0.5071327209
274	0.5069025269
275	0.5066564331
276	0.5064537354
277	0.5062133179
278	0.505977356
279	0.5057315063
280	0.505517395
281	0.5052940674
282	0.5050856628
283	0.5048798218
284	0.5047001038
285	0.5045139771
286	0.5043164673
287	0.5041196594
288	0.5039430542
289	0.5037656555
290	0.5035654297
291	0.5033224182
292	0.5030974121
293	0.5028518677
294	0.5026629944
295	0.5024435425
296	0.5022188721
297	0.5020323486
298	0.5018553162
299	0.5016680908
300	0.50146521
301	0.5012457581
302	0.501056366
303	0.500851593
304	0.5006911011
305	0.5005132446
306	0.5003460999
307	0.500149353
308	0.4999541016
309	0.4997941284
310	0.4996393433
311	0.4994326477
312	0.4992225952
313	0.4990631714
314	0.4988378906
315	0.4986550903
316	0.4984836121
317	0.4983191528
318	0.4981447449
319	0.4979734192
320	0.4977936401
321	0.4976052246
322	0.4974438477
323	0.4972853088
324	0.4971077576
325	0.4969101868
326	0.4967182007
327	0.4965397034
328	0.4963924255
329	0.4962212524
330	0.4960814514
331	0.495899292
332	0.4957286072
333	0.4955423584
334	0.495391571
335	0.4952030029
336	0.4950589294
337	0.4949012451
338	0.4947365723
339	0.4946097412
340	0.494425354
341	0.4942536011
342	0.4941054687
343	0.493955719
344	0.4938163452
345	0.4936499634
346	0.4935078735
347	0.4933580322
348	0.4932320251
349	0.4930842285
350	0.4929436951
351	0.4927857056
352	0.4926151123
353	0.492468689
354	0.4922998352
355	0.4921377869
356	0.4919969482
357	0.4918620605
358	0.4917319641
359	0.4915856934
360	0.4914613037
361	0.4912987061
362	0.4911348877
363	0.4909741516
364	0.4908566284
365	0.4907381592
366	0.4906070862
367	0.4904500122
368	0.4902996216
369	0.4901834106
370	0.4900235596
371	0.4899196167
372	0.4897573853
373	0.489647644
374	0.4895256653
375	0.4893927612
376	0.4892721558
377	0.4891370544
378	0.4890162354
379	0.4888630371
380	0.4887224731
381	0.4885722351
382	0.4884380798
383	0.4883219604
384	0.4882190857
385	0.4881099243
386	0.4879875183
387	0.4878546143
388	0.4877323608
389	0.4876090088
390	0.4875106201
391	0.4873894653
392	0.4872842102
393	0.4871514893
394	0.4870220032
395	0.486895813
396	0.4867843323
397	0.4866896973
398	0.4865695496
399	0.4864783936
400	0.486364502
401	0.486252533
402	0.4861408081
403	0.4860169983
404	0.4858937378
405	0.4857861328
406	0.4856809082
407	0.4855737305
408	0.4854794312
409	0.4853616943
410	0.4852512207
411	0.4851498413
412	0.4850403442
413	0.4849087219
414	0.4847841797
415	0.484683075
416	0.4845552063
417	0.4844547729
418	0.4843413086
419	0.4842311401
420	0.4841245422
421	0.4840206299
422	0.4839039917
423	0.4838231201
424	0.4837361145
425	0.4836246338
426	0.4835094604
427	0.4834108276
428	0.4833010864
429	0.4832119751
430	0.483090271
431	0.4830109863
432	0.4829002686
433	0.4827716675
434	0.4826753235
435	0.4825991211
436	0.4824811096
437	0.4824056396
438	0.4823019409
439	0.4821817017
440	0.4820756531
441	0.4819714355
442	0.4818705444
443	0.4817624817
444	0.4816618652
445	0.4815709229
446	0.4814857483
447	0.481425354
448	0.4813237
449	0.4812255859
450	0.4811323242
451	0.481019104
452	0.4809078064
453	0.4808149414
454	0.4807261963
455	0.4806348267
456	0.4805321655
457	0.4804719849
458	0.4803986511
459	0.4803306274
460	0.4802358093
461	0.4801573486
462	0.4800895386
463	0.4799846191
464	0.4798982544
465	0.4798216553
466	0.4797217407
467	0.4796373291
468	0.4795411682
469	0.4794684753
470	0.479379303
471	0.479289917
472	0.4792079773
473	0.4791124878
474	0.4790090637
475	0.4789294434
476	0.4788465576
477	0.4787612305
478	0.4786772461
479	0.4786145325
480	0.4785086975
481	0.4784284668
482	0.4783431702
483	0.4782632446
484	0.4781817627
485	0.4781115723
486	0.4780450134
487	0.4779515076
488	0.4778536377
489	0.4777784729
490	0.4777093201
491	0.477616394
492	0.4775199585
493	0.4774299622
494	0.477354126
495	0.4772615967
496	0.4771937866
497	0.4771063843
498	0.4770340576
499	0.4769572144
500	0.4768805542
501	0.4767982178
502	0.4767235413
503	0.4766268311
504	0.4765526733
505	0.4764969482
506	0.4764311523
507	0.4763676147
508	0.4762556458
509	0.4761754761
510	0.4760949707
511	0.476029541
512	0.4759558716
513	0.4758748169
514	0.4757979126
515	0.4757234497
516	0.475650116
517	0.4755848389
518	0.4755194092
519	0.4754491882
520	0.4753775024
521	0.4752987366
522	0.4752159119
523	0.4751543884
524	0.475083374
525	0.474999939
526	0.4749286499
527	0.4748374023
528	0.4747838135
529	0.4747078857
530	0.4746419067
531	0.4745617371
532	0.4744988708
533	0.4744135742
534	0.4743312683
535	0.4742502136
536	0.4741837769
537	0.4741179504
538	0.4740413818
539	0.4739700928
540	0.4738901367
541	0.4738220215
542	0.4737485962
543	0.4736894531
544	0.4736149292
545	0.473559021
546	0.4734897461
547	0.4734266663
548	0.4733659668
549	0.4733018188
550	0.4732478027
551	0.4731724243
552	0.4730889893
553	0.473022583
554	0.472931488
555	0.4728693237
556	0.4728113403
557	0.4727703247
558	0.4726987915
559	0.4726277466
560	0.4725693359
561	0.4724926758
562	0.4724257813
563	0.4723617249
564	0.4722864075
565	0.4722244873
566	0.4721551208
567	0.4720895386
568	0.4720228882
569	0.471966217
570	0.4718986206
571	0.4718463745
572	0.471798584
573	0.4717606201
574	0.471677063
575	0.471609375
576	0.4715213928
577	0.4714707642
578	0.4713997192
579	0.4713468933
580	0.4712897034
581	0.4712123108
582	0.4711380005
583	0.4711080933
584	0.4710557556
585	0.4709907227
586	0.4709143982
587	0.4708605957
588	0.4708152161
589	0.470759613
590	0.4706831665
591	0.4706438293
592	0.4705762024
593	0.4705208435
594	0.4704568787
595	0.4703897095
596	0.4703162537
597	0.4702640381
598	0.4702076721
599	0.4701644897
600	0.4701001282
601	0.4700447693
602	0.4699775085
603	0.4698973389
604	0.4698612671
605	0.4698085938
606	0.4697599182
607	0.4696993408
608	0.4696413574
609	0.4695913696
610	0.4695487366
611	0.4695080566
612	0.4694373169
613	0.4693807983
614	0.4693302612
615	0.4692784424
616	0.4692353821
617	0.469160614
618	0.469097229
619	0.4690355225
620	0.4689998169
621	0.4689405823
622	0.4688767395
623	0.4688253174
624	0.4687755737
625	0.4687302856
626	0.4686914062
627	0.468632019
628	0.4685772705
629	0.4685264587
630	0.4684625244
631	0.4684186707
632	0.4683692932
633	0.4683088684
634	0.46824823
635	0.4682027588
636	0.4681507263
637	0.468097229
638	0.4680402222
639	0.4679858093
640	0.4679201965
641	0.4678528442
642	0.4677972107
643	0.467762085
644	0.4677082214
645	0.4676655273
646	0.4676152954
647	0.4675561523
648	0.4675168762
649	0.4674630127
650	0.4674247437
651	0.4673784485
652	0.4673306274
653	0.4672869873
654	0.4672423096
655	0.4671856384
656	0.4671337891
657	0.4670831909
658	0.4670186462
659	0.4669643555
660	0.466937561
661	0.4668781433
662	0.4668304749
663	0.4667773438
664	0.4667307129
665	0.4666906128
666	0.4666452637
667	0.4665970459
668	0.4665562744
669	0.4665090027
670	0.4664674072
671	0.4664179993
672	0.4663679199
673	0.4663239441
674	0.4662754211
675	0.4662276611
676	0.4661685486
677	0.4661120605
678	0.4660586853
679	0.466015686
680	0.4659713745
681	0.465914978
682	0.4658738098
683	0.4658526001
684	0.4657967529
685	0.4657484741
686	0.4657095032
687	0.4656680908
688	0.4656288452
689	0.4655808105
690	0.4655364075
691	0.4654880371
692	0.4654404907
693	0.4653905334
694	0.465355896
695	0.4653074341
696	0.4652625732
697	0.4652297974
698	0.4651762695
699	0.4651295166
700	0.4650794983
701	0.4650458374
702	0.4650183716
703	0.464984314
704	0.4649543762
705	0.4649119873
706	0.4648737793
707	0.4648145142
708	0.4647636108
709	0.4647186279
710	0.4646792603
711	0.4646302795
712	0.4645841064
713	0.4645429688
714	0.464510498
715	0.4644723511
716	0.4644185791
717	0.4643825989
718	0.4643363342
719	0.4642938843
720	0.4642487183
721	0.4642138062
722	0.4641665344
723	0.4641126099
724	0.4640776367
725	0.4640349731
726	0.4639931335
727	0.4639642334
728	0.4639213257
729	0.4638820801
730	0.4638336182
731	0.4637855225
732	0.4637406006
733	0.4637058105
734	0.4636693115
735	0.4636485596
736	0.4635958862
737	0.4635534668
738	0.463506897
739	0.4634607544
740	0.4634197388
741	0.4633782043
742	0.4633421021
743	0.4633025513
744	0.4632555542
745	0.4632080994
746	0.4631598206
747	0.4631223755
748	0.4630828552
749	0.463053894
750	0.4630172119
751	0.462962616
752	0.462925415
753	0.4628865967
754	0.462839447
755	0.4628071289
756	0.4627702332
757	0.4627179565
758	0.4626702271
759	0.4626382446
760	0.4626111145
761	0.4625615234
762	0.4625259094
763	0.4624842834
764	0.4624455872
765	0.4624151611
766	0.4623712158
767	0.4623288574
768	0.4622938538
769	0.4622626648
770	0.4622017822
771	0.4621610107
772	0.4621179504
773	0.4620854492
774	0.4620540771
775	0.462026062
776	0.4619873962
777	0.4619428406
778	0.4619113464
779	0.461872406
780	0.4618501587
781	0.4618040466
782	0.4617647705
783	0.4617144775
784	0.4616819458
785	0.4616216431
786	0.4615884094
787	0.4615501099
788	0.4615149841
789	0.4614862061
790	0.461460144
791	0.4614255981
792	0.4613889771
793	0.4613430481
794	0.4613025818
795	0.4612669983
796	0.4612441406
797	0.4612155762
798	0.4611849365
799	0.4611458435
800	0.4611065979
801	0.4610662231
802	0.4610263977
803	0.4609873047
804	0.4609435425
805	0.4609122925
806	0.4608817749
807	0.4608459473
808	0.4608106995
809	0.4607674866
810	0.4607305298
811	0.4606968689
812	0.4606628723
813	0.4606163635
814	0.4605741272
815	0.460534729
816	0.4604996948
817	0.4604596863
818	0.4604300537
819	0.460405304
820	0.4603654175
821	0.4603283691
822	0.4603026733
823	0.4602633972
824	0.4602369385
825	0.4601913147
826	0.4601576233
827	0.4601177979
828	0.4600808105
829	0.4600356445
830	0.4600172119
831	0.4599769287
832	0.4599470825
833	0.4599105835
834	0.4598661194
835	0.4598321228
836	0.4597868042
837	0.4597573547
838	0.4597098389
839	0.4596730347
840	0.4596322632
841	0.4595852661
842	0.4595509949
843	0.4595163269
844	0.4594868469
845	0.4594498901
846	0.4594239502
847	0.4593881836
848	0.4593494263
849	0.4593144531
850	0.4592888184
851	0.4592587891
852	0.459232666
853	0.4591951904
854	0.459155365
855	0.4591220703
856	0.4590848389
857	0.4590426941
858	0.4589975281
859	0.4589693298
860	0.4589349976
861	0.4589016113
862	0.4588651733
863	0.4588308716
864	0.4587972717
865	0.4587721252
866	0.4587423096
867	0.4587009277
868	0.4586727905
869	0.4586448364
870	0.4586040649
871	0.4585692444
872	0.458533783
873	0.458500824
874	0.4584649353
875	0.4584371338
876	0.4584057312
877	0.4583763428
878	0.4583452148
879	0.4583122253
880	0.4582738953
881	0.4582544556
882	0.4582255554
883	0.4582008362
884	0.4581707153
885	0.4581202393
886	0.4580912476
887	0.4580610962
888	0.4580275879
889	0.4579981689
890	0.457965271
891	0.457930542
892	0.4578939819
893	0.4578636475
894	0.4578361206
895	0.457809967
896	0.4577709351
897	0.4577383423
898	0.4577050171
899	0.4576628418
900	0.4576150208
901	0.4575796509
902	0.457535614
903	0.4574874268
904	0.4574680786
905	0.4574322205
906	0.4573936462
907	0.4573496094
908	0.4573240356
909	0.4573006897
910	0.4572764282
911	0.4572521973
912	0.4572262268
913	0.457185791
914	0.4571503296
915	0.457130188
916	0.4570898743
917	0.4570553589
918	0.4570337524
919	0.4570011292
920	0.4569670105
921	0.4569315186
922	0.4569031067
923	0.4568644409
924	0.4568365479
925	0.4568093872
926	0.456773468
927	0.4567408752
928	0.4567129822
929	0.4566865845
930	0.4566520081
931	0.4566237488
932	0.4565892944
933	0.4565498047
934	0.4565095215
935	0.4564859009
936	0.4564518433
937	0.4564230652
938	0.4563935547
939	0.4563555298
940	0.4563165283
941	0.4562910767
942	0.4562579956
943	0.4562229919
944	0.4561885376
945	0.4561599731
946	0.4561345825
947	0.4561032715
948	0.4560731812
949	0.4560372314
950	0.456001709
951	0.45596698
952	0.4559422302
953	0.4559083862
954	0.4558681641
955	0.4558381042
956	0.4558081665
957	0.4557906494
958	0.4557563782
959	0.4557262878
960	0.4556902466
961	0.4556552429
962	0.4556223755
963	0.4555858459
964	0.455559967
965	0.4555436096
966	0.4555149536
967	0.4554845581
968	0.4554496765
969	0.4554266968
970	0.4553931885
971	0.4553566895
972	0.4553248596
973	0.4552908936
974	0.4552686462
975	0.4552459412
976	0.4552139282
977	0.4551964111
978	0.4551708984
979	0.4551447144
980	0.4551182556
981	0.4550901489
982	0.455061554
983	0.4550337219
984	0.4550115051
985	0.4549794922
986	0.4549537048
987	0.4549298401
988	0.4549008789
989	0.454874054
990	0.4548297119
991	0.4547976074
992	0.4547627563
993	0.4547324219
994	0.4547116089
995	0.454689209
996	0.4546600342
997	0.4546410828
998	0.4546191406
999	0.4545897217
1000	0.4545730286
1001	0.454536499
1002	0.454515564
1003	0.4544827881
1004	0.4544541016
1005	0.4544144287
1006	0.4543862915
1007	0.4543586121
1008	0.4543347168
1009	0.4542987061
1010	0.4542644348
1011	0.4542406616
1012	0.4542060852
1013	0.4541757202
1014	0.4541604004
1015	0.4541264038
1016	0.4540958557
1017	0.4540751343
1018	0.4540469971
1019	0.4540245972
1020	0.4540042114
1021	0.4539749451
1022	0.4539455872
1023	0.4539273071
1024	0.4538924255
1025	0.4538650208
1026	0.4538378906
1027	0.4538089905
1028	0.4537930908
1029	0.4537658081
1030	0.4537456665
1031	0.4537155762
1032	0.4536768799
1033	0.453633667
1034	0.4535956421
1035	0.453577179
1036	0.453539978
1037	0.4535235596
1038	0.4534866333
1039	0.4534570923
1040	0.4534415894
1041	0.4534158325
1042	0.4533818359
1043	0.4533563538
1044	0.4533335571
1045	0.4533162231
1046	0.4532779236
1047	0.4532585449
1048	0.4532403564
1049	0.4532186279
1050	0.4531990356
1051	0.4531665955
1052	0.453133606
1053	0.4531091614
1054	0.4530829468
1055	0.453068634
1056	0.4530422363
1057	0.4530184326
1058	0.452990448
1059	0.4529629211
1060	0.4529346313
1061	0.452909729
1062	0.4528626099
1063	0.4528384094
1064	0.4528208923
1065	0.452807251
1066	0.4527856445
1067	0.4527509766
1068	0.4527166748
1069	0.4526936951
1070	0.4526723938
1071	0.4526461792
1072	0.452614624
1073	0.4525919189
1074	0.4525698242
1075	0.4525357666
1076	0.4525079956
1077	0.4524779663
1078	0.4524460449
1079	0.4524221497
1080	0.4524005127
1081	0.4523738403
1082	0.4523507385
1083	0.4523262939
1084	0.452305481
1085	0.4522884827
1086	0.4522561646
1087	0.4522321777
1088	0.452209198
1089	0.4521834717
1090	0.4521589966
1091	0.4521317749
1092	0.4521098938
1093	0.4520746765
1094	0.4520440674
1095	0.4520120239
1096	0.4519858093
1097	0.4519597778
1098	0.451934906
1099	0.4519053345
1100	0.4518845825
1101	0.4518521729
1102	0.4518341675
1103	0.4518143921
1104	0.4517880249
1105	0.4517583923
1106	0.4517360229
1107	0.4517048645
1108	0.4516871643
1109	0.4516647339
1110	0.4516309814
1111	0.4516094971
1112	0.4515988464
1113	0.4515677185
1114	0.451539093
1115	0.4515178833
1116	0.4514920044
1117	0.4514612427
1118	0.4514358521
1119	0.451410553
1120	0.4513817139
1121	0.4513500671
1122	0.4513286743
1123	0.4513005981
1124	0.4512738647
1125	0.451254425
1126	0.4512311707
1127	0.4512047424
1128	0.4511697693
1129	0.4511467285
1130	0.4511240845
1131	0.4511056824
1132	0.4510804443
1133	0.4510596313
1134	0.4510311584
1135	0.4510073547
1136	0.4509868164
1137	0.4509646912
1138	0.4509451599
1139	0.4509204407
1140	0.450899353
1141	0.4508685303
1142	0.4508512878
1143	0.4508245239
1144	0.4507936096
1145	0.4507669067
1146	0.4507390747
1147	0.4507119141
1148	0.4506884766
1149	0.4506620483
1150	0.450635498
1151	0.4506074219
1152	0.4505863037
1153	0.450559021
1154	0.450517334
1155	0.4504926758
1156	0.4504664917
1157	0.4504389648
1158	0.4504191895
1159	0.4503850708
1160	0.4503616638
1161	0.4503411255
1162	0.4503011169
1163	0.4502739258
1164	0.4502452393
1165	0.4502227783
1166	0.4501952209
1167	0.4501703491
1168	0.4501538696
1169	0.4501342163
1170	0.4501117859
1171	0.4500981445
1172	0.4500683899
1173	0.4500419312
1174	0.4500114136
1175	0.4499930725
1176	0.4499763184
1177	0.4499526367
1178	0.4499295959
1179	0.4498982544
1180	0.4498725891
1181	0.4498405762
1182	0.4498173828
1183	0.4497947998
1184	0.4497720337
1185	0.4497485352
1186	0.4497337646
1187	0.4497077942
1188	0.4496860657
1189	0.4496624146
1190	0.4496315308
1191	0.4496118774
1192	0.4495849304
1193	0.4495610962
1194	0.4495422363
1195	0.4495202637
1196	0.4495011902
1197	0.4494812012
1198	0.4494498901
1199	0.4494334412
1200	0.4494039917
1201	0.4493832397
1202	0.4493586731
1203	0.4493435059
1204	0.4493108521
1205	0.4492893677
1206	0.4492674561
1207	0.4492457275
1208	0.4492174988
1209	0.449188385
1210	0.4491690063
1211	0.4491351318
1212	0.4491081238
1213	0.4490843506
1214	0.4490515747
1215	0.4490241089
1216	0.4490065613
1217	0.4489822388
1218	0.4489671021
1219	0.4489411621
1220	0.4489139404
1221	0.4488955688
1222	0.4488756714
1223	0.4488602295
1224	0.4488334961
1225	0.4488087769
1226	0.4487850342
1227	0.4487591248
1228	0.4487274475
1229	0.4487014465
1230	0.4486760864
1231	0.4486513062
1232	0.4486185608
1233	0.4485932617
1234	0.4485710449
1235	0.4485513306
1236	0.4485358276
1237	0.4485139771
1238	0.4484901123
1239	0.4484762573
1240	0.4484510498
1241	0.4484330444
1242	0.4484133911
1243	0.4483931885
1244	0.4483734131
1245	0.448348999
1246	0.4483205872
1247	0.4482961426
1248	0.4482723999
1249	0.4482568665
1250	0.4482344971
1251	0.4482143555
1252	0.4481917419
1253	0.448175354
1254	0.4481506042
1255	0.4481273804
1256	0.4481086426
1257	0.4480830078
1258	0.448063446
1259	0.4480437012
1260	0.4480189819
1261	0.4480008545
1262	0.4479754028
1263	0.4479587097
1264	0.4479299316
1265	0.4479025574
1266	0.4478804016
1267	0.4478590698
1268	0.4478341675
1269	0.4478182983
1270	0.4477894287
1271	0.4477702026
1272	0.447746582
1273	0.4477201538
1274	0.4476979065
1275	0.4476828918
1276	0.4476654968
1277	0.4476404419
1278	0.4476185913
1279	0.4475999451
1280	0.4475791626
1281	0.4475567017
1282	0.4475273132
1283	0.4475030518
1284	0.4474892578
1285	0.447467926
1286	0.4474440002
1287	0.4474276733
1288	0.447401947
1289	0.4473729553
1290	0.4473459167
1291	0.4473249512
1292	0.447302124
1293	0.4472823181
1294	0.4472651978
1295	0.4472434692
1296	0.4472247009
1297	0.4472033386
1298	0.447182312
1299	0.4471613159
1300	0.4471472778
1301	0.4471283264
1302	0.4471028442
1303	0.4470855713
1304	0.4470667725
1305	0.447055481
1306	0.4470354004
1307	0.4470166016
1308	0.446994873
1309	0.4469814453
1310	0.4469640503
1311	0.4469356079
1312	0.4469136353
1313	0.4468921814
1314	0.4468786621
1315	0.4468596191
1316	0.4468349304
1317	0.4468155823
1318	0.4467946472
1319	0.4467710571
1320	0.4467548218
1321	0.4467338867
1322	0.4467123718
1323	0.4466863098
1324	0.4466682434
1325	0.4466433105
1326	0.4466151733
1327	0.4465952454
1328	0.4465758667
1329	0.4465482178
1330	0.446515686
1331	0.4465037231
1332	0.4464846802
1333	0.4464526367
1334	0.4464353943
1335	0.4464225464
1336	0.4464064331
1337	0.4463867188
1338	0.4463635864
1339	0.4463497314
1340	0.4463306274
1341	0.4463106079
1342	0.4462929077
1343	0.4462659912
1344	0.4462337646
1345	0.4462047424
1346	0.4461770325
1347	0.4461532593
1348	0.4461314087
1349	0.4461142273
1350	0.4461008301
1351	0.4460760498
1352	0.4460531616
1353	0.4460387573
1354	0.4460187683
1355	0.4459835815
1356	0.4459543457
1357	0.4459284973
1358	0.4459116211
1359	0.4458890381
1360	0.4458702393
1361	0.4458554687
1362	0.4458287354
1363	0.4458109741
1364	0.445788269
1365	0.4457692261
1366	0.4457433472
1367	0.4457230225
1368	0.4457000732
1369	0.4456802673
1370	0.4456568298
1371	0.4456353455
1372	0.4456201477
1373	0.4456045532
1374	0.4455814514
1375	0.4455542603
1376	0.4455326538
1377	0.4455126953
1378	0.4454924316
1379	0.4454781189
1380	0.4454533997
1381	0.4454326172
1382	0.4454140015
1383	0.4453879395
1384	0.4453677979
1385	0.4453418884
1386	0.4453114624
1387	0.4452833252
1388	0.445256897
1389	0.4452365723
1390	0.4452116089
1391	0.4451915894
1392	0.4451732178
1393	0.4451499023
1394	0.445130249
1395	0.4451117554
1396	0.4450830383
1397	0.4450679321
1398	0.4450486755
1399	0.4450307007
1400	0.4450061035
1401	0.4449814453
1402	0.4449588013
1403	0.4449386292
1404	0.4449202881
1405	0.4449057617
1406	0.4448887939
1407	0.4448693542
1408	0.4448489075
1409	0.4448340454
1410	0.4448112793
1411	0.4447825317
1412	0.4447578735
1413	0.4447306519
1414	0.444710907
1415	0.4446911011
1416	0.4446670532
1417	0.4446473694
1418	0.4446234741
1419	0.4446005859
1420	0.4445748596
1421	0.4445509033
1422	0.4445253296
1423	0.4445072021
1424	0.4444918823
1425	0.4444700317
1426	0.4444494019
1427	0.4444307251
1428	0.4444120178
1429	0.4443952942
1430	0.4443757324
1431	0.4443508301
1432	0.4443228149
1433	0.4442961426
1434	0.4442723999
1435	0.4442481995
1436	0.4442173462
1437	0.4441867065
1438	0.4441600037
1439	0.4441380005
1440	0.4441209412
1441	0.4441013184
1442	0.4440847778
1443	0.4440668945
1444	0.4440518188
1445	0.4440326538
1446	0.4440117798
1447	0.4439956055
1448	0.4439749451
1449	0.4439501038
1450	0.4439325867
1451	0.4439139099
1452	0.4438948975
1453	0.4438727722
1454	0.4438507385
1455	0.4438289185
1456	0.4438199463
1457	0.4438065796
1458	0.4437861328
1459	0.4437650146
1460	0.4437335815
1461	0.4437101135
1462	0.4436929932
1463	0.4436679077
1464	0.4436507568
1465	0.4436339722
1466	0.4436074524
1467	0.4435814819
1468	0.4435570068
1469	0.4435302734
1470	0.4435067749
1471	0.4434833374
1472	0.4434710693
1473	0.4434449463
1474	0.4434212646
1475	0.4434029541
1476	0.4433852539
1477	0.4433650513
1478	0.4433482971
1479	0.4433229675
1480	0.4433103333
1481	0.4432940674
1482	0.4432778015
1483	0.4432530212
1484	0.4432331238
1485	0.4432142944
1486	0.4431956482
1487	0.4431728821
1488	0.4431509705
1489	0.4431213684
1490	0.4431011353
1491	0.4430814514
1492	0.4430664673
1493	0.4430446777
1494	0.4430329895
1495	0.4430095825
1496	0.4429960632
1497	0.4429796143
1498	0.4429567261
1499	0.4429410706
1500	0.4429190063
1501	0.4429048157
1502	0.4428782654
1503	0.4428621216
1504	0.4428372192
1505	0.4428179932
1506	0.4427958984
1507	0.4427818604
1508	0.4427628784
1509	0.4427350464
1510	0.4427220459
1511	0.4427006531
1512	0.4426854248
1513	0.4426646729
1514	0.4426419067
1515	0.4426282959
1516	0.4426032104
1517	0.4425874023
1518	0.4425765076
1519	0.4425540771
1520	0.4425321045
1521	0.442516449
1522	0.4424923096
1523	0.4424667969
1524	0.4424401855
1525	0.4424182739
1526	0.442395752
1527	0.4423764038
1528	0.4423474121
1529	0.442336731
1530	0.4423180237
1531	0.442295105
1532	0.4422750244
1533	0.4422648315
1534	0.4422444458
1535	0.4422207947
1536	0.4422007141
1537	0.4421865845
1538	0.4421638184
1539	0.4421459351
1540	0.4421323242
1541	0.4421052246
1542	0.4420782776
1543	0.4420552368
1544	0.4420336304
1545	0.4420143738
1546	0.4419974976
1547	0.441972168
1548	0.4419434814
1549	0.4419243469
1550	0.4419015503
1551	0.4418808289
1552	0.4418565674
1553	0.4418392334
1554	0.4418124084
1555	0.4417888184
1556	0.4417632446
1557	0.441743103
1558	0.4417278442
1559	0.4417108765
1560	0.4416889648
1561	0.4416692505
1562	0.4416387329
1563	0.4416124573
1564	0.4415924072
1565	0.4415672607
1566	0.4415498352
1567	0.4415249634
1568	0.4415011597
1569	0.4414750671
1570	0.4414512939
1571	0.4414345093
1572	0.4414117432
1573	0.4413883667
1574	0.4413695068
1575	0.4413519592
1576	0.441325592
1577	0.441307251
1578	0.4412908936
1579	0.4412720947
1580	0.4412533569
1581	0.4412349243
1582	0.4412072754
1583	0.4411902466
1584	0.4411625977
1585	0.4411380005
1586	0.4411161499
1587	0.4410995789
1588	0.4410803833
1589	0.4410628052
1590	0.4410320435
1591	0.4410067749
1592	0.4409891663
1593	0.4409746704
1594	0.4409597168
1595	0.4409398804
1596	0.4409251709
1597	0.4409083862
1598	0.4408846436
1599	0.4408703918
1600	0.4408572388
1601	0.4408444214
1602	0.4408183289
1603	0.4408039551
1604	0.4407772522
1605	0.4407536926
1606	0.4407295532
1607	0.4407138367
1608	0.4406842041
1609	0.4406659546
1610	0.4406434021
1611	0.4406265259
1612	0.4406142578
1613	0.4405997314
1614	0.4405738831
1615	0.4405493774
1616	0.4405296021
1617	0.44050354
1618	0.440480896
1619	0.4404703369
1620	0.4404484863
1621	0.4404283447
1622	0.4404094238
1623	0.4403948669
1624	0.4403830566
1625	0.4403675537
1626	0.4403475342
1627	0.440322876
1628	0.4403014832
1629	0.4402859497
1630	0.4402687988
1631	0.4402506104
1632	0.4402345886
1633	0.4402227173
1634	0.4401982422
1635	0.4401761475
1636	0.4401620483
1637	0.4401482239
1638	0.4401268311
1639	0.440109314
1640	0.440088562
1641	0.440071167
1642	0.4400454102
1643	0.4400289917
1644	0.4400123291
1645	0.4399923706
1646	0.4399784851
1647	0.4399509888
1648	0.4399278564
1649	0.4399055786
1650	0.4398878784
1651	0.4398701172
1652	0.4398450317
1653	0.4398268433
1654	0.43981073
1655	0.4397938232
1656	0.4397765503
1657	0.4397663269
1658	0.4397510376
1659	0.4397277222
1660	0.4397045593
1661	0.4396770325
1662	0.4396601868
1663	0.4396461792
1664	0.4396244812
1665	0.4395982666
1666	0.439586792
1667	0.439563446
1668	0.4395437317
1669	0.4395212402
1670	0.439493042
1671	0.4394718018
1672	0.439453064
1673	0.4394257202
1674	0.4394077148
1675	0.439394989
1676	0.4393738403
1677	0.4393537598
1678	0.4393399048
1679	0.4393199463
1680	0.4393019409
1681	0.4392776794
1682	0.4392646484
1683	0.4392434387
1684	0.4392302246
1685	0.439203064
1686	0.4391862793
1687	0.4391682739
1688	0.4391513672
1689	0.4391270142
1690	0.4391095276
1691	0.4390880432
1692	0.4390641174
1693	0.4390456848
1694	0.4390286865
1695	0.4390141602
1696	0.4389978333
1697	0.4389864807
1698	0.4389662781
1699	0.4389524231
1700	0.4389266663
1701	0.4389020081
1702	0.4388815918
1703	0.4388632813
1704	0.4388429565
1705	0.4388267212
1706	0.4387998047
1707	0.4387802734
1708	0.4387690125
1709	0.438757782
1710	0.4387420959
1711	0.4387234192
1712	0.4387091064
1713	0.4386814575
1714	0.4386655884
1715	0.4386417847
1716	0.4386242065
1717	0.4386018677
1718	0.4385827026
1719	0.4385768127
1720	0.438559021
1721	0.4385346069
1722	0.4385232239
1723	0.4385085449
1724	0.4384843445
1725	0.4384654541
1726	0.4384587708
1727	0.4384414368
1728	0.4384222107
1729	0.4384060364
1730	0.4383904419
1731	0.4383770752
1732	0.4383550415
1733	0.4383412476
1734	0.4383097534
1735	0.4382919312
1736	0.4382789917
1737	0.4382553711
1738	0.4382388306
1739	0.4382233887
1740	0.4382043457
1741	0.4381878052
1742	0.438168396
1743	0.438146698
1744	0.4381265259
1745	0.4381060791
1746	0.4380883179
1747	0.4380699463
1748	0.4380542603
1749	0.4380404053
1750	0.4380228882
1751	0.4380046082
1752	0.4379927368
1753	0.4379727173
1754	0.437958313
1755	0.4379347229
1756	0.4379108276
1757	0.4378988647
1758	0.4378771362
1759	0.437852356
1760	0.4378317261
1761	0.4378130493
1762	0.4377872314
1763	0.4377597046
1764	0.4377362671
1765	0.4377189941
1766	0.437696167
1767	0.4376758423
1768	0.4376472473
1769	0.4376348877
1770	0.4376035767
1771	0.4375835876
1772	0.4375629272
1773	0.437547699
1774	0.4375316162
1775	0.4375155029
1776	0.4374958801
1777	0.4374806824
1778	0.4374584656
1779	0.4374387512
1780	0.4374154968
1781	0.4373949585
1782	0.4373756714
1783	0.4373523865
1784	0.4373198853
1785	0.437303772
1786	0.4372902222
1787	0.4372669067
1788	0.4372500916
1789	0.4372279053
1790	0.43720401
1791	0.4371878052
1792	0.4371635742
1793	0.4371463013
1794	0.4371239624
1795	0.4371078186
1796	0.4370823975
1797	0.4370668945
1798	0.4370518494
1799	0.4370281982
1800	0.4370130005
1801	0.4369996948
1802	0.4369804688
1803	0.4369647827
1804	0.4369467163
1805	0.4369209595
1806	0.4368862915
1807	0.4368683472
1808	0.436847168
1809	0.4368225708
1810	0.4368044434
1811	0.4367912292
1812	0.436765564
1813	0.43674823
1814	0.4367213135
1815	0.436700592
1816	0.4366816406
1817	0.4366660767
1818	0.4366356812
1819	0.4366117554
1820	0.4365831299
1821	0.4365667114
1822	0.4365501099
1823	0.4365271606
1824	0.4365156555
1825	0.4365025024
1826	0.4364798889
1827	0.4364510803
1828	0.4364334717
1829	0.4364153748
1830	0.4363980103
1831	0.4363725891
1832	0.4363467407
1833	0.4363330383
1834	0.4363051147
1835	0.4362831421
1836	0.4362612305
1837	0.4362379761
1838	0.4362243652
1839	0.4362028809
1840	0.4361839294
1841	0.4361639709
1842	0.4361408997
1843	0.4361247559
1844	0.4361109619
1845	0.4360900879
1846	0.4360755005
1847	0.4360564575
1848	0.4360336304
1849	0.4360236206
1850	0.4360008545
1851	0.435984314
1852	0.4359662781
1853	0.4359569702
1854	0.4359366455
1855	0.4359104004
1856	0.4358947449
1857	0.4358788147
1858	0.4358631897
1859	0.435836792
1860	0.4358237
1861	0.4358070068
1862	0.4357873535
1863	0.4357677307
1864	0.4357512817
1865	0.4357313843
1866	0.4357191467
1867	0.4356972961
1868	0.4356784973
1869	0.4356611023
1870	0.4356357422
1871	0.4356180725
1872	0.4356015015
1873	0.4355828247
1874	0.4355535889
1875	0.4355303955
1876	0.4355080872
1877	0.4354921265
1878	0.4354804077
1879	0.4354621277
1880	0.435444397
1881	0.4354233398
1882	0.435406311
1883	0.4353885498
1884	0.435368103
1885	0.4353543091
1886	0.4353328857
1887	0.435314209
1888	0.4353015747
1889	0.4352828369
1890	0.4352697449
1891	0.4352555542
1892	0.4352405701
1893	0.4352150879
1894	0.4351917114
1895	0.4351668701
1896	0.4351397705
1897	0.435121582
1898	0.4351032715
1899	0.4350862427
1900	0.4350680847
1901	0.4350447388
1902	0.4350281372
1903	0.4350115051
1904	0.4349911804
1905	0.4349765625
1906	0.4349642029
1907	0.4349452515
1908	0.4349249268
1909	0.4349048462
1910	0.4348870239
1911	0.4348636475
1912	0.4348378906
1913	0.4348208008
1914	0.4348099365
1915	0.4347890625
1916	0.4347732849
1917	0.4347567139
1918	0.4347399597
1919	0.4347198486
1920	0.4347003784
1921	0.4346876526
1922	0.4346682129
1923	0.4346458435
1924	0.4346175842
1925	0.4346011047
1926	0.4345838623
1927	0.434555603
1928	0.4345252075
1929	0.4345067444
1930	0.4344842529
1931	0.4344638062
1932	0.4344494019
1933	0.4344273682
1934	0.4344118652
1935	0.4343861084
1936	0.4343582153
1937	0.4343387451
1938	0.4343262024
1939	0.434303833
1940	0.4342822876
1941	0.4342626953
1942	0.4342478027
1943	0.4342338867
1944	0.4342172241
1945	0.4341918335
1946	0.434170105
1947	0.434145874
1948	0.4341356201
1949	0.434116272
1950	0.4341062012
1951	0.4340865479
1952	0.4340648499
1953	0.4340472412
1954	0.4340319214
1955	0.4340135803
1956	0.4339982605
1957	0.433977356
1958	0.4339610596
1959	0.4339384766
1960	0.4339179077
1961	0.4338946838
1962	0.4338791809
1963	0.4338682251
1964	0.4338548279
1965	0.4338293762
1966	0.433813446
1967	0.4337964478
1968	0.4337764282
1969	0.4337546997
1970	0.4337362976
1971	0.4337108765
1972	0.4336938782
1973	0.4336821289
1974	0.4336558838
1975	0.4336358032
1976	0.4336160278
1977	0.4335881348
1978	0.4335643005
1979	0.4335463257
1980	0.4335343018
1981	0.4335148315
1982	0.4334975281
1983	0.4334794922
1984	0.4334645996
1985	0.4334497375
1986	0.4334381104
1987	0.4334196472
1988	0.4334008789
1989	0.4333800659
1990	0.4333641968
1991	0.4333439331
1992	0.4333261719
1993	0.4333132935
1994	0.4332890625
1995	0.4332751465
1996	0.4332595825
1997	0.4332427368
1998	0.4332269592
1999	0.4332084656
2000	0.4331885986
2001	0.4331712341
2002	0.433153717
2003	0.4331378174
2004	0.4331183472
2005	0.4330971985
2006	0.4330842896
2007	0.4330607605
2008	0.4330401001
2009	0.4330203247
2010	0.4330001831
2011	0.4329851074
2012	0.4329639282
2013	0.4329456787
2014	0.4329273376
2015	0.4329048157
2016	0.4328890076
2017	0.4328732605
2018	0.4328514099
2019	0.4328312073
2020	0.432813385
2021	0.432798584
2022	0.4327768555
2023	0.4327543335
2024	0.4327342529
2025	0.432717865
2026	0.4326986084
2027	0.4326689148
2028	0.4326560364
2029	0.4326401367
2030	0.4326219177
2031	0.4326031494
2032	0.4325814819
2033	0.4325652466
2034	0.4325514526
2035	0.4325341797
2036	0.4325206299
2037	0.4325099182
2038	0.4324898071
2039	0.4324763794
2040	0.4324592896
2041	0.4324415283
2042	0.432421051
2043	0.4324114075
2044	0.4323964233
2045	0.4323816833
2046	0.4323598022
2047	0.4323463135
2048	0.4323330078
2049	0.432315979
2050	0.4322921448
2051	0.4322789307
2052	0.432256958
2053	0.4322414551
2054	0.4322132263
2055	0.4321923828
2056	0.4321772461
2057	0.4321523743
2058	0.4321422729
2059	0.4321212769
2060	0.4321061401
2061	0.4320858765
2062	0.4320694885
2063	0.4320621338
2064	0.4320449219
2065	0.432034729
2066	0.4320112305
2067	0.4319941406
2068	0.4319709778
2069	0.4319584351
2070	0.431932373
2071	0.4319121704
2072	0.4318876648
2073	0.4318649292
2074	0.4318446655
2075	0.4318309326
2076	0.4318085327
2077	0.4317963257
2078	0.4317660522
2079	0.4317453918
2080	0.4317240601
2081	0.431694458
2082	0.4316733398
2083	0.4316490784
2084	0.4316317749
2085	0.4316133423
2086	0.4315952759
2087	0.4315739441
2088	0.4315625916
2089	0.4315418396
2090	0.4315255737
2091	0.4315007324
2092	0.43148349
2093	0.4314632568
2094	0.4314456787
2095	0.4314281006
2096	0.4314165955
2097	0.4314005432
2098	0.4313814697
2099	0.4313643799
2100	0.4313467407
2101	0.4313317871
2102	0.4313109436
2103	0.4312885132
2104	0.4312696228
2105	0.4312499084
2106	0.4312331543
2107	0.4312016296
2108	0.4311871338
2109	0.4311668701
2110	0.431151062
2111	0.4311298218
2112	0.4311154175
2113	0.4310942993
2114	0.4310801086
2115	0.4310656738
2116	0.4310515442
2117	0.4310367737
2118	0.4310172424
2119	0.4310073547
2120	0.4309901733
2121	0.4309697266
2122	0.4309571533
2123	0.4309381714
2124	0.4309174805
2125	0.430894165
2126	0.4308734741
2127	0.4308527222
2128	0.4308380127
2129	0.4308146973
2130	0.4307926025
2131	0.4307717285
2132	0.4307545471
2133	0.4307380981
2134	0.4307243042
2135	0.4307073059
2136	0.4306873474
2137	0.4306542358
2138	0.4306318359
2139	0.4306174927
2140	0.4306063232
2141	0.4305834045
2142	0.4305594177
2143	0.4305413513
2144	0.4305197449
2145	0.4304932556
2146	0.4304764404
2147	0.4304580078
2148	0.4304351807
2149	0.4304139099
2150	0.4304007874
2151	0.4303854065
2152	0.4303674316
2153	0.4303509521
2154	0.4303347778
2155	0.430311615
2156	0.4302968445
2157	0.4302828369
2158	0.4302681885
2159	0.4302545776
2160	0.4302387085
2161	0.4302218323
2162	0.4301929932
2163	0.4301750488
2164	0.4301509399
2165	0.4301298828
2166	0.4301126099
2167	0.4300942078
2168	0.4300724487
2169	0.4300518494
2170	0.4300374756
2171	0.4300142517
2172	0.4299906006
2173	0.4299747925
2174	0.4299584656
2175	0.4299445801
2176	0.4299154053
2177	0.4298902893
2178	0.4298756104
2179	0.4298616333
2180	0.4298398438
2181	0.4298287964
2182	0.4298036499
2183	0.4297905579
2184	0.4297735291
2185	0.4297590332
2186	0.4297390442
2187	0.4297232056
2188	0.4297067261
2189	0.4296931763
2190	0.4296765137
2191	0.4296582336
2192	0.4296387939
2193	0.4296215515
2194	0.4296087036
2195	0.4295948486
2196	0.42957724
2197	0.4295518188
2198	0.4295297241
2199	0.4295158081
2200	0.4295003052
2201	0.429479126
2202	0.4294622803
2203	0.4294442139
2204	0.4294097595
2205	0.4293965149
2206	0.4293785095
2207	0.4293589478
2208	0.4293390198
2209	0.4293232422
2210	0.4293059082
2211	0.4292821655
2212	0.4292667236
2213	0.4292540588
2214	0.4292399292
2215	0.4292154846
2216	0.4291972656
2217	0.4291809082
2218	0.4291670532
2219	0.4291512756
2220	0.4291333313
2221	0.4291121216
2222	0.4290982056
2223	0.4290814819
2224	0.4290626831
2225	0.4290462952
2226	0.4290343018
2227	0.429013855
2228	0.4289924316
2229	0.4289709778
2230	0.4289577026
2231	0.4289405518
2232	0.4289218445
2233	0.4289074707
2234	0.428885498
2235	0.4288674927
2236	0.4288332214
2237	0.4288201599
2238	0.4288058472
2239	0.4287800903
2240	0.428762085
2241	0.4287471313
2242	0.4287217407
2243	0.4287053833
2244	0.4286893311
2245	0.4286752319
2246	0.428657959
2247	0.4286433716
2248	0.4286213989
2249	0.4286038513
2250	0.4285856934
2251	0.4285631714
2252	0.4285473938
2253	0.4285258179
2254	0.4285004578
2255	0.4284904175
2256	0.4284744263
2257	0.4284504395
2258	0.4284335022
2259	0.4284163818
2260	0.4284006348
2261	0.4283769531
2262	0.4283651123
2263	0.4283414307
2264	0.4283099365
2265	0.4282992859
2266	0.4282798157
2267	0.4282657471
2268	0.4282510071
2269	0.4282348633
2270	0.4282114563
2271	0.4281912231
2272	0.4281766663
2273	0.4281624756
2274	0.4281459351
2275	0.4281277466
2276	0.4281090088
2277	0.4280910645
2278	0.4280758057
2279	0.4280628357
2280	0.4280411377
2281	0.428020813
2282	0.4280012207
2283	0.4279873657
2284	0.4279719238
2285	0.4279473572
2286	0.4279367676
2287	0.4279142456
2288	0.4278961792
2289	0.4278782654
2290	0.4278572998
2291	0.4278365479
2292	0.4278180237
2293	0.4278051147
2294	0.4277890015
2295	0.4277698059
2296	0.4277441406
2297	0.4277268372
2298	0.4277091064
2299	0.4276911926
2300	0.4276724548
2301	0.4276608582
2302	0.4276419983
2303	0.4276220703
2304	0.4276080017
2305	0.4275939026
2306	0.4275698853
2307	0.4275477905
2308	0.4275254517
2309	0.4275020142
2310	0.427484375
2311	0.42746875
2312	0.4274443359
2313	0.4274326172
2314	0.4274189453
2315	0.4274035034
2316	0.4273890381
2317	0.4273713989
2318	0.4273531189
2319	0.4273327332
2320	0.4273087158
2321	0.4272887573
2322	0.4272705078
2323	0.4272546997
2324	0.4272410889
2325	0.4272241821
2326	0.4272026062
2327	0.4271859131
2328	0.4271716614
2329	0.4271540222
2330	0.4271417236
2331	0.4271220703
2332	0.4271070862
2333	0.4270940552
2334	0.4270725098
2335	0.427051239
2336	0.4270415039
2337	0.4270229187
2338	0.4269924927
2339	0.4269714966
2340	0.4269561157
2341	0.4269459229
2342	0.4269300537
2343	0.426899292
2344	0.4268810425
2345	0.4268706665
2346	0.42685495
2347	0.426836853
2348	0.4268198242
2349	0.4268023682
2350	0.4267903442
2351	0.4267733765
2352	0.4267528076
2353	0.4267355957
2354	0.4267144165
2355	0.4266968994
2356	0.4266799011
2357	0.4266539001
2358	0.4266426392
2359	0.4266231079
2360	0.4266096191
2361	0.4265868225
2362	0.4265725403
2363	0.4265566711
2364	0.4265283813
2365	0.4265076294
2366	0.4264874878
2367	0.4264698486
2368	0.4264536438
2369	0.4264396973
2370	0.4264180908
2371	0.4264046326
2372	0.4263934326
2373	0.4263728027
2374	0.4263538513
2375	0.4263392334
2376	0.4263144836
2377	0.4263027954
2378	0.426282074
2379	0.4262701111
2380	0.4262473755
2381	0.4262330322
2382	0.4262167969
2383	0.4261954346
2384	0.4261805725
2385	0.4261557922
2386	0.4261376343
2387	0.4261265869
2388	0.4261112366
2389	0.4260905762
2390	0.4260721436
2391	0.4260519714
2392	0.4260331421
2393	0.426014679
2394	0.4260015869
2395	0.4259861145
2396	0.4259674072
2397	0.4259421692
2398	0.4259246216
2399	0.4259056702
2400	0.4258916016
2401	0.4258800964
2402	0.4258585815
2403	0.4258457642
2404	0.4258232422
2405	0.4258018799
2406	0.4257888184
2407	0.4257719421
2408	0.4257574463
2409	0.4257355347
2410	0.4257182617
2411	0.4256942749
2412	0.4256774597
2413	0.425658783
2414	0.4256434326
2415	0.4256266785
2416	0.4256127014
2417	0.4255957642
2418	0.4255839233
2419	0.4255703735
2420	0.4255530396
2421	0.4255429382
2422	0.4255275269
2423	0.4255028687
2424	0.4254881592
2425	0.4254645386
2426	0.4254467163
2427	0.4254268188
2428	0.4254051514
2429	0.4253891907
2430	0.4253700562
2431	0.4253521729
2432	0.4253340454
2433	0.4253046875
2434	0.4252876587
2435	0.425271637
2436	0.4252522583
2437	0.4252358704
2438	0.4252171326
2439	0.4252000122
2440	0.425178894
2441	0.4251585999
2442	0.4251349792
2443	0.4251222229
2444	0.4251020508
2445	0.4250811157
2446	0.4250634155
2447	0.4250502625
2448	0.4250292358
2449	0.4249968872
2450	0.4249828491
2451	0.424965271
2452	0.4249487
2453	0.4249251709
2454	0.4249068604
2455	0.4248882751
2456	0.4248708496
2457	0.4248458252
2458	0.4248216553
2459	0.4248010254
2460	0.4247841797
2461	0.4247648621
2462	0.4247490845
2463	0.424732605
2464	0.4247168274
2465	0.4247006836
2466	0.4246780396
2467	0.4246560364
2468	0.4246353149
2469	0.4246204224
2470	0.4246008911
2471	0.4245864868
2472	0.4245710449
2473	0.4245543213
2474	0.424543396
2475	0.4245301514
2476	0.4245072327
2477	0.4244821472
2478	0.4244656982
2479	0.4244477844
2480	0.4244327393
2481	0.4244075317
2482	0.4243855591
2483	0.424360321
2484	0.4243433228
2485	0.4243238525
2486	0.424305603
2487	0.4242833862
2488	0.4242570801
2489	0.4242348022
2490	0.4242137756
2491	0.4241936646
2492	0.4241724243
2493	0.4241530762
2494	0.4241332397
2495	0.4241117859
2496	0.4240932617
2497	0.4240712891
2498	0.4240506287
2499	0.4240326233
2500	0.4240144958
2501	0.423994751
2502	0.4239725342
2503	0.4239563293
2504	0.4239309692
2505	0.423913208
2506	0.4238878174
2507	0.4238737793
2508	0.4238534546
2509	0.4238326111
2510	0.4238148193
2511	0.42379953
2512	0.423776001
2513	0.423750061
2514	0.4237288818
2515	0.4237146912
2516	0.4236922913
2517	0.4236713867
2518	0.4236487122
2519	0.4236295166
2520	0.4236036072
2521	0.4235846252
2522	0.423569397
2523	0.4235526123
2524	0.4235343933
2525	0.4235170898
2526	0.4234942932
2527	0.4234746399
2528	0.4234468384
2529	0.4234196167
2530	0.4233946228
2531	0.4233806763
2532	0.4233635864
2533	0.4233475037
2534	0.4233309326
2535	0.4233101196
2536	0.4232886658
2537	0.4232672424
2538	0.423253418
2539	0.4232344971
2540	0.4232173462
2541	0.4231932983
2542	0.4231689453
2543	0.4231515808
2544	0.4231253967
2545	0.4231102905
2546	0.4230915527
2547	0.4230759888
2548	0.4230552368
2549	0.4230391235
2550	0.4230209045
2551	0.4230004883
2552	0.4229771118
2553	0.4229553833
2554	0.4229403076
2555	0.4229200134
2556	0.4229032593
2557	0.4228876038
2558	0.4228689575
2559	0.4228530273
2560	0.4228349915
2561	0.4228053894
2562	0.4227847595
2563	0.4227699585
2564	0.4227553711
2565	0.4227345581
2566	0.4227072144
2567	0.4226867981
2568	0.4226586609
2569	0.42264328
2570	0.4226191711
2571	0.4225964966
2572	0.4225723877
2573	0.4225576782
2574	0.4225227661
2575	0.4224978333
2576	0.4224771423
2577	0.4224598389
2578	0.4224407959
2579	0.4224237061
2580	0.4224104004
2581	0.4223850098
2582	0.4223684692
2583	0.4223503418
2584	0.4223302917
2585	0.422310791
2586	0.4222815552
2587	0.422264679
2588	0.4222506409
2589	0.4222365112
2590	0.4222217407
2591	0.4222018433
2592	0.4221817627
2593	0.4221581116
2594	0.4221421814
2595	0.4221298218
2596	0.4221040039
2597	0.4220856934
2598	0.4220646362
2599	0.4220466919
2600	0.422026947
2601	0.4220117187
2602	0.4219865112
2603	0.421962616
2604	0.421951416
2605	0.4219352112
2606	0.421911438
2607	0.4218895874
2608	0.4218688354
2609	0.4218442993
2610	0.4218214111
2611	0.421796875
2612	0.4217741699
2613	0.4217562561
2614	0.4217361755
2615	0.4217207947
2616	0.4216933899
2617	0.4216734924
2618	0.4216560669
2619	0.4216375732
2620	0.4216225281
2621	0.4216000977
2622	0.4215808411
2623	0.4215584106
2624	0.4215350342
2625	0.4215161743
2626	0.4214972839
2627	0.4214812927
2628	0.4214638062
2629	0.4214514771
2630	0.4214200439
2631	0.4214013367
2632	0.4213822021
2633	0.4213655396
2634	0.4213527222
2635	0.4213327026
2636	0.4213127747
2637	0.42129776
2638	0.4212721863
2639	0.4212459106
2640	0.4212316284
2641	0.421218811
2642	0.4212061768
2643	0.4211858521
2644	0.4211687317
2645	0.4211539307
2646	0.4211398621
2647	0.4211196289
2648	0.4211027832
2649	0.4210851135
2650	0.4210593262
2651	0.4210315552
2652	0.4210073853
2653	0.4209880981
2654	0.4209619751
2655	0.4209400635
2656	0.4209115906
2657	0.4208910522
2658	0.420868042
2659	0.4208463745
2660	0.4208241577
2661	0.4207999268
2662	0.4207836304
2663	0.4207633667
2664	0.4207461243
2665	0.4207236938
2666	0.4207001343
2667	0.4206838379
2668	0.4206604309
2669	0.4206426086
2670	0.4206205444
2671	0.4206018066
2672	0.4205851135
2673	0.4205688171
2674	0.4205540771
2675	0.4205344543
2676	0.4205206909
2677	0.4205001221
2678	0.4204825745
2679	0.4204569397
2680	0.4204353333
2681	0.4204136963
2682	0.4203925476
2683	0.4203717651
2684	0.4203549194
2685	0.4203334351
2686	0.4203125
2687	0.4202935181
2688	0.4202699585
2689	0.4202581177
2690	0.4202414551
2691	0.4202188721
2692	0.4201976929
2693	0.4201810913
2694	0.4201635132
2695	0.4201460571
2696	0.4201232605
2697	0.4201078491
2698	0.4200917053
2699	0.4200757446
2700	0.4200537415
2701	0.4200332031
2702	0.4200143433
2703	0.4199880066
2704	0.4199725342
2705	0.4199450989
2706	0.4199216919
2707	0.4199033508
2708	0.419883728
2709	0.4198572388
2710	0.4198248291
2711	0.4197946167
2712	0.4197744751
2713	0.4197514038
2714	0.4197276001
2715	0.4197096558
2716	0.4196824341
2717	0.4196600952
2718	0.4196473389
2719	0.4196227417
2720	0.4196046143
2721	0.4195752563
2722	0.4195623169
2723	0.4195390015
2724	0.4195124817
2725	0.4194858398
2726	0.41946521
2727	0.4194408569
2728	0.4194246826
2729	0.4194029541
2730	0.4193774414
2731	0.4193548584
2732	0.4193306885
2733	0.4193155518
2734	0.4192922058
2735	0.4192721558
2736	0.4192471924
2737	0.4192227173
2738	0.4192019043
2739	0.4191856079
2740	0.4191668396
2741	0.4191395874
2742	0.4191233521
2743	0.4190992126
2744	0.4190792542
2745	0.4190643311
2746	0.4190385132
2747	0.4190205383
2748	0.4189994812
2749	0.4189791565
2750	0.4189618835
2751	0.4189347229
2752	0.4189187622
2753	0.41890271
2754	0.4188812561
2755	0.4188651733
2756	0.418848938
2757	0.418829895
2758	0.4188082275
2759	0.4187883911
2760	0.4187672729
2761	0.4187462769
2762	0.4187350769
2763	0.4187195129
2764	0.4187007446
2765	0.4186820679
2766	0.4186624146
2767	0.4186367188
2768	0.418617981
2769	0.4186020508
2770	0.4185821228
2771	0.4185641785
2772	0.4185383301
2773	0.418520874
2774	0.4184950562
2775	0.4184727783
2776	0.4184476318
2777	0.4184229736
2778	0.4183973999
2779	0.4183820801
2780	0.4183599243
2781	0.41834375
2782	0.418329895
2783	0.4182990112
2784	0.4182796326
2785	0.4182596741
2786	0.4182419739
2787	0.4182156982
2788	0.4181989136
2789	0.4181766357
2790	0.4181499023
2791	0.4181315002
2792	0.4181217957
2793	0.4180951538
2794	0.4180782166
2795	0.4180546875
2796	0.4180331421
2797	0.4180097046
2798	0.4179940491
2799	0.4179691772
2800	0.4179458008
2801	0.4179192505
2802	0.4178809204
2803	0.4178641357
2804	0.4178443604
2805	0.4178212891
2806	0.4178018188
2807	0.4177832031
2808	0.4177646484
2809	0.4177428589
2810	0.4177262573
2811	0.4177067261
2812	0.4176813354
2813	0.4176594849
2814	0.417640686
2815	0.4176265259
2816	0.4176037903
2817	0.4175803833
2818	0.4175643921
2819	0.4175432129
2820	0.4175232849
2821	0.4174978027
2822	0.4174795837
2823	0.4174589233
2824	0.417444519
2825	0.4174253235
2826	0.4174097595
2827	0.4173865967
2828	0.4173628235
2829	0.4173426514
2830	0.4173200684
2831	0.4173027344
2832	0.4172765503
2833	0.4172592468
2834	0.4172288513
2835	0.4172057495
2836	0.4171881409
2837	0.4171690979
2838	0.4171478577
2839	0.4171288452
2840	0.4171107178
2841	0.4170948792
2842	0.4170774841
2843	0.4170554504
2844	0.417032196
2845	0.4170155945
2846	0.4169848328
2847	0.4169649658
2848	0.4169396362
2849	0.4169172974
2850	0.4168980103
2851	0.4168782959
2852	0.4168643188
2853	0.4168444214
2854	0.4168262939
2855	0.4168037109
2856	0.4167775879
2857	0.416758606
2858	0.4167331543
2859	0.4167060547
2860	0.4166899414
2861	0.4166698608
2862	0.4166538696
2863	0.4166323853
2864	0.4166091003
2865	0.4165922241
2866	0.4165757446
2867	0.416554718
2868	0.4165359802
2869	0.4165118713
2870	0.4164987793
2871	0.4164779663
2872	0.4164627686
2873	0.4164364929
2874	0.4164165344
2875	0.4163916321
2876	0.4163649292
2877	0.4163409729
2878	0.4163252258
2879	0.4163074951
2880	0.4162832642
2881	0.4162603149
2882	0.4162329102
2883	0.4162142944
2884	0.4161859131
2885	0.4161752625
2886	0.4161554565
2887	0.4161328125
2888	0.4161152344
2889	0.4160967407
2890	0.4160722046
2891	0.416053894
2892	0.4160362854
2893	0.4160167236
2894	0.4159956665
2895	0.4159727783
2896	0.4159544678
2897	0.4159365234
2898	0.4159186401
2899	0.4158943176
2900	0.4158740234
2901	0.4158487549
2902	0.4158289795
2903	0.415807373
2904	0.4157926941
2905	0.4157731934
2906	0.4157521973
2907	0.4157389221
2908	0.4157192993
2909	0.415699646
2910	0.4156845093
2911	0.4156691895
2912	0.4156496582
2913	0.4156202393
2914	0.4155949097
2915	0.4155788574
2916	0.4155489502
2917	0.4155266724
2918	0.4155038452
2919	0.4154904175
2920	0.4154719238
2921	0.415450592
2922	0.4154382324
2923	0.4154161987
2924	0.415395752
2925	0.4153739014
2926	0.415349884
2927	0.4153322754
2928	0.4153198853
2929	0.4152945862
2930	0.4152750244
2931	0.4152563477
2932	0.4152340698
2933	0.415215332
2934	0.4151940308
2935	0.4151688232
2936	0.4151512756
2937	0.415131897
2938	0.4151173706
2939	0.4150927734
2940	0.4150761414
2941	0.4150557861
2942	0.41503302
2943	0.4150132141
2944	0.4149972534
2945	0.414977478
2946	0.4149570312
2947	0.4149274597
2948	0.4149116211
2949	0.4148903198
2950	0.4148643799
2951	0.4148424683
2952	0.4148207397
2953	0.4147971802
2954	0.4147788391
2955	0.414754364
2956	0.4147389832
2957	0.4147189331
2958	0.4146994019
2959	0.4146811218
2960	0.4146578674
2961	0.4146389771
2962	0.4146136475
2963	0.4145945129
2964	0.4145791016
2965	0.4145592651
2966	0.4145384521
2967	0.414508728
2968	0.414493988
2969	0.4144718323
2970	0.4144499512
2971	0.4144189453
2972	0.4143963623
2973	0.4143707886
2974	0.4143543701
2975	0.4143379517
2976	0.4143119202
2977	0.4142845764
2978	0.4142548218
2979	0.4142304077
2980	0.4142088318
2981	0.4141844482
2982	0.4141679993
2983	0.4141498413
2984	0.4141220093
2985	0.414103241
2986	0.4140801392
2987	0.4140585327
2988	0.4140360718
2989	0.4140179443
2990	0.4139880066
2991	0.4139704285
2992	0.4139451904
2993	0.4139337769
2994	0.4139111938
2995	0.4138886108
2996	0.4138694153
2997	0.4138439331
2998	0.4138238831
2999	0.4138071899
3000	0.4137839966
3001	0.4137580566
3002	0.4137416992
3003	0.4137199097
3004	0.4137029114
3005	0.4136856079
3006	0.413671051
3007	0.4136497803
3008	0.4136260071
3009	0.4136013184
3010	0.413574707
3011	0.4135556641
3012	0.4135346985
3013	0.4135082703
3014	0.4134895935
3015	0.4134711304
3016	0.4134467163
3017	0.413423584
3018	0.4134018555
3019	0.4133794556
3020	0.4133654175
3021	0.41334021
3022	0.4133191528
3023	0.4132950134
3024	0.4132781677
3025	0.4132507629
3026	0.4132246094
3027	0.4131953735
3028	0.413173584
3029	0.4131547852
3030	0.4131347656
3031	0.4131066895
3032	0.4130886841
3033	0.4130652161
3034	0.4130446777
3035	0.4130254517
3036	0.4130021362
3037	0.4129867554
3038	0.4129633179
3039	0.4129421997
3040	0.4129203491
3041	0.4129029846
3042	0.4128779602
3043	0.4128542175
3044	0.4128340454
3045	0.4128188477
3046	0.4127976379
3047	0.4127808228
3048	0.4127661133
3049	0.412736084
3050	0.4127148132
3051	0.4126933899
3052	0.4126779785
3053	0.4126563721
3054	0.412633728
3055	0.4126146851
3056	0.4125978394
3057	0.4125791016
3058	0.4125527344
3059	0.4125360107
3060	0.4125196533
3061	0.4125000305
3062	0.4124822998
3063	0.4124587097
3064	0.4124411621
3065	0.4124110107
3066	0.4123937683
3067	0.4123772583
3068	0.4123482666
3069	0.4123227539
3070	0.4122968445
3071	0.4122747498
3072	0.4122525024
3073	0.4122401123
3074	0.4122144165
3075	0.4121947632
3076	0.4121759644
3077	0.4121537476
3078	0.4121347656
3079	0.4121131287
3080	0.4120913391
3081	0.4120716248
3082	0.4120505066
3083	0.4120300293
3084	0.4120097046
3085	0.4119868469
3086	0.411958374
3087	0.4119398499
3088	0.4119130249
3089	0.4118955078
3090	0.4118786011
3091	0.4118613892
3092	0.4118458862
3093	0.4118238525
3094	0.4118062134
3095	0.4117846985
3096	0.4117667542
3097	0.4117453613
3098	0.4117233276
3099	0.4116954346
3100	0.4116776428
3101	0.4116578674
3102	0.4116361694
3103	0.4116127625
3104	0.411590332
3105	0.4115685425
3106	0.4115462952
3107	0.4115234375
3108	0.4114971924
3109	0.4114767761
3110	0.4114571533
3111	0.4114401855
3112	0.4114160461
3113	0.4113972473
3114	0.4113845215
3115	0.4113609009
3116	0.4113411865
3117	0.4113192444
3118	0.4112991943
3119	0.411266571
3120	0.4112462158
3121	0.4112233582
3122	0.4111968384
3123	0.4111747742
3124	0.4111517944
3125	0.4111373291
3126	0.4111226501
3127	0.4111027222
3128	0.4110841675
3129	0.4110552673
3130	0.4110323486
3131	0.4110045166
3132	0.410986908
3133	0.4109610291
3134	0.4109444275
3135	0.4109237671
3136	0.4109041138
3137	0.4108827515
3138	0.4108687439
3139	0.4108390198
3140	0.4108201904
3141	0.4107985535
3142	0.4107731018
3143	0.4107562561
3144	0.4107340088
3145	0.4107109985
3146	0.4106879272
3147	0.4106743774
3148	0.4106449585
3149	0.4106286621
3150	0.4106053467
3151	0.4105846558
3152	0.4105648193
3153	0.4105409851
3154	0.4105263367
3155	0.4105046997
3156	0.4104847412
3157	0.4104600525
3158	0.4104379883
3159	0.4104182434
3160	0.4103999023
3161	0.4103739014
3162	0.4103482056
3163	0.410328125
3164	0.4103021851
3165	0.4102889404
3166	0.4102703857
3167	0.4102401123
3168	0.4102124329
3169	0.4101911926
3170	0.4101717529
3171	0.410160553
3172	0.4101387939
3173	0.4101111145
3174	0.410080719
3175	0.4100587158
3176	0.4100394287
3177	0.4100219421
3178	0.4100053711
3179	0.4099880371
3180	0.4099688721
3181	0.4099523315
3182	0.4099412842
3183	0.4099212341
3184	0.4099071045
3185	0.4098843384
3186	0.4098688965
3187	0.4098465576
3188	0.4098170471
3189	0.4098023376
3190	0.4097702026
3191	0.4097537231
3192	0.4097225952
3193	0.409693573
3194	0.4096697083
3195	0.4096568604
3196	0.409624054
3197	0.4096069336
3198	0.409581665
3199	0.4095530396
3200	0.4095341187
3201	0.4095100708
3202	0.4094880371
3203	0.4094648132
3204	0.4094371033
3205	0.4094049072
3206	0.4093803101
3207	0.4093579712
3208	0.4093274536
3209	0.409314209
3210	0.4092921753
3211	0.4092692871
3212	0.4092476807
3213	0.4092318726
3214	0.4092163086
3215	0.4092006836
3216	0.4091811523
3217	0.4091616821
3218	0.4091462097
3219	0.4091278076
3220	0.4091062317
3221	0.4090894165
3222	0.4090692749
3223	0.4090498962
3224	0.4090202332
3225	0.4089996338
3226	0.4089845886
3227	0.4089555054
3228	0.4089289551
3229	0.4089007568
3230	0.4088850708
3231	0.4088708496
3232	0.4088482361
3233	0.4088224487
3234	0.4087936401
3235	0.408770752
3236	0.4087515869
3237	0.4087336731
3238	0.4087105408
3239	0.4086905823
3240	0.4086700745
3241	0.4086526489
3242	0.4086281738
3243	0.4086035156
3244	0.4085870667
3245	0.4085617676
3246	0.4085426636
3247	0.408526123
3248	0.4085108337
3249	0.4084842834
3250	0.4084583435
3251	0.4084328003
3252	0.4084123535
3253	0.4083858643
3254	0.4083619995
3255	0.4083426514
3256	0.4083276672
3257	0.4083029175
3258	0.408289978
3259	0.4082632141
3260	0.4082405396
3261	0.4082177124
3262	0.4082059937
3263	0.4081865234
3264	0.4081708069
3265	0.4081434937
3266	0.4081269226
3267	0.4081091614
3268	0.4080942078
3269	0.4080729065
3270	0.4080561523
3271	0.4080373535
3272	0.4080128784
3273	0.407993042
3274	0.4079767151
3275	0.4079559326
3276	0.4079318237
3277	0.40790979
3278	0.407881958
3279	0.4078520203
3280	0.4078278198
3281	0.4077956238
3282	0.4077718811
3283	0.407749054
3284	0.4077182312
3285	0.4076911316
3286	0.4076733398
3287	0.4076542358
3288	0.4076292114
3289	0.4076017761
3290	0.4075809631
3291	0.4075556946
3292	0.4075359497
3293	0.4075074158
3294	0.4074799805
3295	0.4074651489
3296	0.4074412231
3297	0.4074312744
3298	0.4074091797
3299	0.407396759
3300	0.4073800049
3301	0.4073615112
3302	0.4073410645
3303	0.4073178101
3304	0.4072971802
3305	0.4072755127
3306	0.4072518921
3307	0.4072347107
3308	0.4072154846
3309	0.4071913452
3310	0.4071669922
3311	0.4071455688
3312	0.4071248169
3313	0.4071086731
3314	0.4070907898
3315	0.4070749512
3316	0.407057312
3317	0.4070383911
3318	0.4070068665
3319	0.406991333
3320	0.4069684143
3321	0.4069436951
3322	0.4069233704
3323	0.4068970032
3324	0.4068754272
3325	0.4068507385
3326	0.4068301392
3327	0.4068113403
3328	0.4067904053
3329	0.40676474
3330	0.4067467651
3331	0.4067275391
3332	0.4067140503
3333	0.4066966248
3334	0.4066803284
3335	0.4066583557
3336	0.4066426697
3337	0.4066237793
3338	0.4065987244
3339	0.4065751343
3340	0.4065522461
3341	0.4065307007
3342	0.4065120239
3343	0.4064959412
3344	0.4064730835
3345	0.4064588623
3346	0.4064476929
3347	0.406425354
3348	0.4064033508
3349	0.4063840637
3350	0.4063637695
3351	0.4063550415
3352	0.4063332214
3353	0.4063151855
3354	0.4062969971
3355	0.406279541
3356	0.4062599487
3357	0.4062380371
3358	0.4062258301
3359	0.4062057495
3360	0.4061860352
3361	0.4061697083
3362	0.4061454163
3363	0.4061183472
3364	0.4061011963
3365	0.4060725403
3366	0.4060511169
3367	0.4060283203
3368	0.4060045166
3369	0.4059828186
3370	0.4059584351
3371	0.4059418335
3372	0.4059188843
3373	0.4058996582
3374	0.4058863525
3375	0.4058658752
3376	0.4058495483
3377	0.405824585
3378	0.4058034363
3379	0.4057858276
3380	0.4057608032
3381	0.405739502
3382	0.405716156
3383	0.4057041016
3384	0.4056777954
3385	0.4056638184
3386	0.4056459656
3387	0.4056278992
3388	0.4056073914
3389	0.4055844116
3390	0.405563446
3391	0.4055516968
3392	0.4055368042
3393	0.4055141602
3394	0.4054938354
3395	0.4054744263
3396	0.4054555664
3397	0.4054369507
3398	0.4054136963
3399	0.4053897095
3400	0.405368103
3401	0.4053465271
3402	0.4053259888
